temperature_c,rnom_ohm,rmin_ohm,rmax_ohm,vishay_delta_t_c,current_truncated_c,current_error_c,extended_sh_c,extended_sh_error_c,lut_c,lut_error_c
-20.0,96761.15,94632.9,98889.4,0.38,-19.100308170,0.899691830,-20.011211501,-0.011211501,-20.000000000,0.000000000
-19.5,94002.70,91949.8,96055.6,0.38,-18.620560093,0.879439907,-19.511236342,-0.011236342,-19.500000000,0.000000000
-19.0,91331.53,89351.2,93311.8,0.38,-18.140575324,0.859424676,-19.011253853,-0.011253853,-19.000000000,0.000000000
-18.5,88744.61,86834.2,90655.0,0.38,-17.660351742,0.839648258,-18.511261739,-0.011261739,-18.500000000,0.000000000
-18.0,86239.05,84395.9,88082.2,0.37,-17.179892234,0.820107766,-18.011262918,-0.011262918,-18.000000000,0.000000000
-17.5,83812.05,82033.7,85590.4,0.37,-16.699196381,0.800803619,-17.511256866,-0.011256866,-17.500000000,0.000000000
-17.0,81460.91,79745.0,83176.8,0.37,-16.218262869,0.781737131,-17.011242130,-0.011242130,-17.000000000,0.000000000
-16.5,79183.05,77527.2,80838.9,0.37,-15.737094528,0.762905472,-16.511221566,-0.011221566,-16.500000000,0.000000000
-16.0,76975.96,75378.0,78573.9,0.37,-15.255688822,0.744311178,-16.011192449,-0.011192449,-16.000000000,0.000000000
-15.5,74837.25,73295.1,76379.4,0.37,-14.774049253,0.725950747,-15.511158333,-0.011158333,-15.500000000,0.000000000
-15.0,72764.59,71276.1,74253.1,0.36,-14.292173061,0.707826939,-15.011116264,-0.011116264,-15.000000000,0.000000000
-14.5,70755.76,69319.0,72192.5,0.36,-13.810063211,0.689936789,-14.511069231,-0.011069231,-14.500000000,0.000000000
-14.0,68808.60,67421.7,70195.5,0.36,-13.327717607,0.672282393,-14.011014975,-0.011014975,-14.000000000,0.000000000
-13.5,66921.05,65582.2,68259.9,0.36,-12.845139468,0.654860532,-13.510956744,-0.010956744,-13.500000000,0.000000000
-13.0,65091.10,63798.6,66383.6,0.36,-12.362325622,0.637674378,-13.010891166,-0.010891166,-13.000000000,0.000000000
-12.5,63316.83,62069.0,64564.7,0.36,-11.879277328,0.620722672,-12.510819460,-0.010819460,-12.500000000,0.000000000
-12.0,61596.39,60391.5,62801.3,0.36,-11.395996118,0.604003882,-12.010743125,-0.010743125,-12.000000000,0.000000000
-11.5,59927.99,58764.6,61091.4,0.35,-10.912481673,0.587518327,-11.510661744,-0.010661744,-11.500000000,0.000000000
-11.0,58309.91,57186.5,59433.4,0.35,-10.428735339,0.571264661,-11.010576624,-0.010576624,-11.000000000,0.000000000
-10.5,56740.48,55655.6,57825.4,0.35,-9.944754911,0.555245089,-10.510485398,-0.010485398,-10.500000000,0.000000000
-10.0,55218.10,54170.3,56265.9,0.35,-9.460541288,0.539458712,-10.010388912,-0.010388912,-10.000000000,0.000000000
-9.5,53741.23,52729.3,54753.2,0.35,-8.976096415,0.523903585,-9.510289088,-0.010289088,-9.500000000,0.000000000
-9.0,52308.38,51331.0,53285.8,0.35,-8.491420755,0.508579245,-9.010186317,-0.010186317,-9.000000000,0.000000000
-8.5,50918.11,49974.0,51862.2,0.34,-8.006513782,0.493486218,-8.510079969,-0.010079969,-8.500000000,0.000000000
-8.0,49569.02,48657.0,50481.0,0.34,-7.521370907,0.478629093,-8.009965232,-0.009965232,-8.000000000,0.000000000
-7.5,48259.80,47378.8,49140.8,0.34,-7.036002411,0.463997589,-7.509852617,-0.009852617,-7.500000000,0.000000000
-7.0,46989.13,46138.0,47840.3,0.34,-6.550397700,0.449602300,-7.009731122,-0.009731122,-7.000000000,0.000000000
-6.5,45755.79,44933.5,46578.1,0.34,-6.064566696,0.435433304,-6.509610882,-0.009610882,-6.500000000,0.000000000
-6.0,44558.56,43764.1,45353.1,0.34,-5.578502578,0.421497422,-6.009484792,-0.009484792,-6.000000000,0.000000000
-5.5,43396.28,42628.6,44163.9,0.34,-5.092205309,0.407794691,-5.509352731,-0.009352731,-5.500000000,0.000000000
-5.0,42267.85,41526.1,43009.6,0.33,-4.605683423,0.394316577,-5.009223392,-0.009223392,-5.000000000,0.000000000
-4.5,41172.17,40455.4,41889.0,0.33,-4.118928959,0.381071041,-4.509088505,-0.009088505,-4.500000000,0.000000000
-4.0,40108.20,39415.5,40800.9,0.33,-3.631943421,0.368056579,-4.008949536,-0.008949536,-4.000000000,0.000000000
-3.5,39074.94,38405.5,39744.4,0.33,-3.144730391,0.355269609,-3.508810079,-0.008810079,-3.500000000,0.000000000
-3.0,38071.41,37424.4,38718.4,0.33,-2.657286621,0.342713379,-3.008666717,-0.008666717,-3.000000000,0.000000000
-2.5,37096.68,36471.4,37722.0,0.33,-2.169616864,0.330383136,-2.508524244,-0.008524244,-2.500000000,0.000000000
-2.0,36149.83,35545.4,36754.2,0.32,-1.681714829,0.318285171,-2.008376126,-0.008376126,-2.000000000,0.000000000
-1.5,35230.00,34645.8,35814.2,0.32,-1.193589053,0.306410947,-1.508231031,-0.008231031,-1.500000000,0.000000000
-1.0,34336.32,33771.6,34901.0,0.32,-0.705226989,0.294773011,-1.008076024,-0.008076024,-1.000000000,0.000000000
-0.5,33468.00,32922.1,34013.9,0.32,-0.216643803,0.283356197,-0.507926556,-0.007926556,-0.500000000,0.000000000
0.0,32624.23,32096.5,33152.0,0.32,0.272171567,0.272171567,-0.007771220,-0.007771220,0.000000000,0.000000000
0.5,31804.26,31294.1,32314.4,0.32,0.761211401,0.261211401,0.492382164,-0.007617836,0.500000000,0.000000000
1.0,31007.34,30514.1,31500.6,0.31,1.250483098,0.250483098,0.992541244,-0.007458756,1.000000000,0.000000000
1.5,30232.77,29755.9,30709.7,0.31,1.739978806,0.239978806,1.492698073,-0.007301927,1.500000000,0.000000000
2.0,29479.85,29018.8,29940.9,0.31,2.229705528,0.229705528,1.992859886,-0.007140114,2.000000000,0.000000000
2.5,28747.93,28302.1,29193.8,0.31,2.719652812,0.219652812,2.493016090,-0.006983910,2.500000000,0.000000000
3.0,28036.35,27605.3,28467.4,0.31,3.209831506,0.209831506,2.993177839,-0.006822161,3.000000000,0.000000000
3.5,27344.49,26927.6,27761.3,0.31,3.700240404,0.200240404,3.493343975,-0.006656025,3.500000000,0.000000000
4.0,26671.76,26268.7,27074.9,0.30,4.190871239,0.190871239,3.993506147,-0.006493853,4.000000000,0.000000000
4.5,26017.57,25627.8,26407.4,0.30,4.681729948,0.181729948,4.493670487,-0.006329513,4.500000000,0.000000000
5.0,25381.36,25004.4,25758.3,0.30,5.172814738,0.172814738,4.993835246,-0.006164754,5.000000000,0.000000000
5.5,24762.59,24398.0,25127.2,0.30,5.664122435,0.164122435,5.493997269,-0.006002731,5.500000000,0.000000000
6.0,24160.73,23808.2,24513.3,0.30,6.155656030,0.155656030,5.994159683,-0.005840317,6.000000000,0.000000000
6.5,23575.26,23234.3,23916.3,0.30,6.647425058,0.147425058,6.494332257,-0.005667743,6.500000000,0.000000000
7.0,23005.71,22675.9,23335.5,0.29,7.139410911,0.139410911,6.994496143,-0.005503857,7.000000000,0.000000000
7.5,22451.59,22132.6,22770.6,0.29,7.631625310,0.131625310,7.494663337,-0.005336663,7.500000000,0.000000000
8.0,21912.45,21603.9,22221.0,0.29,8.124058651,0.124058651,7.994824155,-0.005175845,8.000000000,0.000000000
8.5,21387.83,21089.4,21686.3,0.29,8.616723993,0.116723993,8.494991938,-0.005008062,8.500000000,0.000000000
9.0,20877.31,20588.6,21166.0,0.29,9.109610865,0.109610865,8.995156129,-0.004843871,9.000000000,0.000000000
9.5,20380.47,20101.2,20659.7,0.28,9.602721607,0.102721607,9.495319177,-0.004680823,9.500000000,0.000000000
10.0,19896.90,19626.8,20167.0,0.28,10.096062399,0.096062399,9.995487425,-0.004512575,10.000000000,0.000000000
10.5,19426.22,19164.9,19687.5,0.28,10.589622022,0.089622022,10.495649569,-0.004350431,10.500000000,0.000000000
11.0,18968.04,18715.3,19220.8,0.28,11.083412598,0.083412598,10.995817968,-0.004182032,11.000000000,0.000000000
11.5,18522.00,18277.5,18766.5,0.28,11.577427522,0.077427522,11.495985998,-0.004014002,11.500000000,0.000000000
12.0,18087.75,17851.2,18324.3,0.28,12.071661366,0.071661366,11.996148242,-0.003851758,12.000000000,0.000000000
12.5,17664.94,17436.1,17893.8,0.27,12.566121479,0.066121479,12.496312210,-0.003687790,12.500000000,0.000000000
13.0,17253.25,17031.9,17474.6,0.27,13.060792775,0.060792775,12.996462721,-0.003537279,13.000000000,0.000000000
13.5,16852.33,16638.2,17066.5,0.27,13.555709208,0.055709208,13.496634170,-0.003365830,13.500000000,0.000000000
14.0,16461.90,16254.7,16669.1,0.27,14.050831589,0.050831589,13.996787021,-0.003212979,14.000000000,0.000000000
14.5,16081.64,15881.2,16282.1,0.27,14.546182137,0.046182137,14.496943796,-0.003056204,14.500000000,0.000000000
15.0,15711.26,15517.4,15905.2,0.27,15.041757748,0.041757748,14.997101429,-0.002898571,15.000000000,0.000000000
15.5,15350.47,15162.9,15538.1,0.26,15.537567722,0.037567722,15.497269365,-0.002730635,15.500000000,0.000000000
16.0,14999.01,14817.5,15180.5,0.26,16.033592114,0.033592114,15.997427553,-0.002572447,16.000000000,0.000000000
16.5,14656.61,14481.0,14832.2,0.26,16.529836035,0.029836035,16.497581222,-0.002418778,16.500000000,0.000000000
17.0,14323.01,14153.1,14492.9,0.26,17.026302579,0.026302579,16.997733561,-0.002266439,17.000000000,0.000000000
17.5,13997.96,13833.6,14162.3,0.26,17.522992080,0.022992080,17.497884975,-0.002115025,17.500000000,0.000000000
18.0,13681.22,13522.2,13840.2,0.25,18.019901293,0.019901293,17.998032267,-0.001967733,18.000000000,0.000000000
18.5,13372.55,13218.7,13526.4,0.25,18.517038817,0.017038817,18.498184155,-0.001815845,18.500000000,0.000000000
19.0,13071.73,12922.9,13220.6,0.25,19.014392766,0.014392766,18.998328749,-0.001671251,19.000000000,0.000000000
19.5,12778.53,12634.5,12922.5,0.25,19.511979169,0.011979169,19.498482230,-0.001517770,19.500000000,0.000000000
20.0,12492.75,12353.4,12632.1,0.25,20.009774741,0.009774741,19.998621262,-0.001378738,20.000000000,0.000000000
20.5,12214.17,12079.4,12348.9,0.25,20.507801746,0.007801746,20.498768280,-0.001231720,20.500000000,0.000000000
21.0,11942.59,11812.2,12073.0,0.24,21.006059399,0.006059399,20.998922551,-0.001077449,21.000000000,0.000000000
21.5,11677.83,11551.7,11804.0,0.24,21.504520293,0.004520293,21.499056631,-0.000943369,21.500000000,0.000000000
22.0,11419.69,11297.7,11541.7,0.24,22.003204812,0.003204812,21.999191051,-0.000808949,22.000000000,0.000000000
22.5,11167.98,11049.9,11286.0,0.24,22.502126937,0.002126937,22.499339882,-0.000660118,22.500000000,0.000000000
23.0,10922.54,10808.3,11036.7,0.24,23.001251673,0.001251673,22.999468109,-0.000531891,23.000000000,0.000000000
23.5,10683.18,10572.7,10793.7,0.23,23.500615024,0.000615024,23.499611872,-0.000388128,23.500000000,0.000000000
24.0,10449.75,10342.9,10556.6,0.23,24.000181297,0.000181297,23.999735486,-0.000264514,24.000000000,0.000000000
24.5,10222.07,10118.7,10325.4,0.23,24.499988878,-0.000011122,24.499877439,-0.000122561,24.500000000,0.000000000
25.0,10000.00,9900.0,10100.0,0.23,25.000000000,0.000000000,25.000000000,0.000000000,25.000000000,0.000000000
25.5,9783.38,9684.4,9882.3,0.23,25.500230678,0.000230678,25.500119260,0.000119260,25.500000000,0.000000000
26.0,9572.05,9474.2,9669.9,0.23,26.000709515,0.000709515,26.000263860,0.000263860,26.000000000,0.000000000
26.5,9365.89,9269.1,9462.7,0.24,26.501380455,0.001380455,26.500377841,0.000377841,26.500000000,0.000000000
27.0,9164.74,9069.0,9260.5,0.24,27.002293219,0.002293219,27.000510934,0.000510934,27.000000000,0.000000000
27.5,8968.48,8873.8,9063.2,0.24,27.503409901,0.003409901,27.500625349,0.000625349,27.500000000,0.000000000
28.0,8776.97,8683.3,8870.6,0.25,28.004752253,0.004752253,28.000742860,0.000742860,28.000000000,0.000000000
28.5,8590.09,8497.5,8682.7,0.25,28.506300416,0.006300416,28.500843720,0.000843720,28.500000000,0.000000000
29.0,8407.70,8316.1,8499.3,0.25,29.008098629,0.008098629,29.000972091,0.000972091,29.000000000,0.000000000
29.5,8229.70,8139.1,8320.3,0.26,29.510091734,0.010091734,29.501073051,0.001073051,29.500000000,0.000000000
30.0,8055.96,7966.4,8145.5,0.26,30.012316987,0.012316987,30.001183781,0.001183781,30.000000000,0.000000000
30.5,7886.37,7797.9,7974.9,0.26,30.514765642,0.014765642,30.501295619,0.001295619,30.500000000,0.000000000
31.0,7720.82,7633.3,7808.3,0.27,31.017438132,0.017438132,31.001409048,0.001409048,31.000000000,0.000000000
31.5,7559.21,7472.7,7645.7,0.27,31.520313445,0.020313445,31.501503226,0.001503226,31.500000000,0.000000000
32.0,7401.43,7316.0,7486.9,0.27,32.023410704,0.023410704,32.001597235,0.001597235,32.000000000,0.000000000
32.5,7247.38,7162.9,7331.9,0.28,32.526727789,0.026727789,32.501689021,0.001689021,32.500000000,0.000000000
33.0,7096.96,7013.5,7180.4,0.28,33.030272168,0.030272168,33.001786054,0.001786054,33.000000000,0.000000000
33.5,6950.07,6867.6,7032.6,0.28,33.534061772,0.034061772,33.501906174,0.001906174,33.500000000,0.000000000
34.0,6806.64,6725.1,6888.2,0.29,34.038019225,0.038019225,34.001972639,0.001972639,34.000000000,0.000000000
34.5,6666.55,6586.0,6747.1,0.29,34.542251249,0.042251249,34.502091396,0.002091396,34.500000000,0.000000000
35.0,6529.74,6450.1,6609.3,0.29,35.046660774,0.046660774,35.002166212,0.002166212,35.000000000,0.000000000
35.5,6396.11,6317.5,6474.8,0.30,35.551303433,0.051303433,35.502252312,0.002252312,35.500000000,0.000000000
36.0,6265.58,6187.9,6343.3,0.30,36.056171501,0.056171501,36.002342079,0.002342079,36.000000000,0.000000000
36.5,6138.08,6061.3,6214.8,0.30,36.561225678,0.061225678,36.502396654,0.002396654,36.500000000,0.000000000
37.0,6013.51,5937.7,6089.3,0.31,37.066555266,0.066555266,37.002504488,0.002504488,37.000000000,0.000000000
37.5,5891.82,5816.9,5966.7,0.31,37.572057258,0.072057258,37.502563685,0.002563685,37.500000000,0.000000000
38.0,5772.92,5698.9,5846.9,0.31,38.077799860,0.077799860,38.002641780,0.002641780,38.000000000,0.000000000
38.5,5656.74,5583.6,5729.8,0.32,38.583778873,0.083778873,38.502734648,0.002734648,38.500000000,0.000000000
39.0,5543.22,5471.0,5615.4,0.32,39.089953487,0.089953487,39.002802002,0.002802002,39.000000000,0.000000000
39.5,5432.29,5361.0,5503.6,0.32,39.596334055,0.096334055,39.502854145,0.002854145,39.500000000,0.000000000
40.0,5323.88,5253.4,5394.3,0.33,40.102940857,0.102940857,40.002911152,0.002911152,40.000000000,0.000000000
40.5,5217.92,5148.3,5287.5,0.33,40.609804926,0.109804926,40.503003674,0.003003674,40.500000000,0.000000000
41.0,5114.37,5045.6,5183.1,0.34,41.116820305,0.116820305,41.003027235,0.003027235,41.000000000,0.000000000
41.5,5013.15,4945.3,5081.0,0.34,41.624082413,0.124082413,41.503076008,0.003076008,41.500000000,0.000000000
42.0,4914.20,4847.2,4981.2,0.34,42.131600681,0.131600681,42.003159296,0.003159296,42.000000000,0.000000000
42.5,4817.48,4751.3,4883.7,0.35,42.639287663,0.139287663,42.503190984,0.003190984,42.500000000,0.000000000
43.0,4722.92,4657.5,4788.3,0.35,43.147219117,0.147219117,43.003245750,0.003245750,43.000000000,0.000000000
43.5,4630.47,4565.9,4695.0,0.35,43.655375248,0.155375248,43.503304129,0.003304129,43.500000000,0.000000000
44.0,4540.08,4476.3,4603.8,0.36,44.163742691,0.163742691,44.003353013,0.003353013,44.000000000,0.000000000
44.5,4451.70,4388.7,4514.7,0.36,44.672315127,0.172315127,44.503386243,0.003386243,44.500000000,0.000000000
45.0,4365.27,4303.1,4427.4,0.36,45.181153470,0.181153470,45.003463732,0.003463732,45.000000000,0.000000000
45.5,4280.76,4219.4,4342.2,0.37,45.690149718,0.190149718,45.503479387,0.003479387,45.500000000,0.000000000
46.0,4198.11,4137.5,4258.7,0.37,46.199380864,0.199380864,46.003508914,0.003508914,46.000000000,0.000000000
46.5,4117.27,4057.4,4177.1,0.37,46.708875493,0.208875493,46.503580382,0.003580382,46.500000000,0.000000000
47.0,4038.21,3979.1,4097.3,0.38,47.218542356,0.218542356,47.003604271,0.003604271,47.000000000,0.000000000
47.5,3960.88,3902.5,4019.2,0.38,47.728423058,0.228423058,47.503621472,0.003621472,47.500000000,0.000000000
48.0,3885.23,3827.6,3942.9,0.39,48.238571049,0.238571049,48.003684412,0.003684412,48.000000000,0.000000000
48.5,3811.24,3754.3,3868.1,0.39,48.748843250,0.248843250,48.503652910,0.003652910,48.500000000,0.000000000
49.0,3738.84,3682.7,3795.0,0.39,49.259447869,0.259447869,49.003730994,0.003730994,49.000000000,0.000000000
49.5,3668.02,3612.5,3723.5,0.40,49.770182386,0.270182386,49.503720341,0.003720341,49.500000000,0.000000000
50.0,3598.72,3543.9,3653.5,0.40,50.281206186,0.281206186,50.003777034,0.003777034,50.000000000,0.000000000
50.5,3530.92,3476.8,3585.0,0.40,50.792395932,0.292395932,50.503780405,0.003780405,50.500000000,0.000000000
51.0,3464.58,3411.2,3518.0,0.41,51.303780470,0.303780470,51.003758757,0.003758757,51.000000000,0.000000000
51.5,3399.65,3346.9,3452.4,0.41,51.815478606,0.315478606,51.503828234,0.003828234,51.500000000,0.000000000
52.0,3336.12,3284.1,3388.2,0.41,52.327301440,0.327301440,52.003804265,0.003804265,52.000000000,0.000000000
52.5,3273.94,3222.5,3325.3,0.42,52.839383462,0.339383462,52.503818295,0.003818295,52.500000000,0.000000000
53.0,3213.08,3162.3,3263.8,0.42,53.351708530,0.351708530,53.003854557,0.003854557,53.000000000,0.000000000
53.5,3153.52,3103.4,3203.6,0.42,53.864179271,0.364179271,53.503818077,0.003818077,53.500000000,0.000000000
54.0,3095.22,3045.8,3144.7,0.43,54.376874724,0.376874724,54.003786040,0.003786040,54.000000000,0.000000000
54.5,3038.14,2989.3,3087.0,0.43,54.889888328,0.389888328,54.503849532,0.003849532,54.500000000,0.000000000
55.0,2982.27,2934.0,3030.5,0.44,55.403050303,0.403050303,55.003843074,0.003843074,55.000000000,0.000000000
55.5,2927.58,2880.0,2975.2,0.44,55.916372577,0.416372577,55.503778398,0.003778398,55.500000000,0.000000000
56.0,2874.02,2827.0,2921.0,0.44,56.430069315,0.430069315,56.003864057,0.003864057,56.000000000,0.000000000
56.5,2821.59,2775.2,2868.0,0.45,56.943885215,0.443885215,56.503851509,0.003851509,56.500000000,0.000000000
57.0,2770.26,2724.4,2816.1,0.45,57.457852923,0.457852923,57.003772652,0.003772652,57.000000000,0.000000000
57.5,2719.99,2674.7,2765.2,0.45,57.972118550,0.472118550,57.503769630,0.003769630,57.500000000,0.000000000
58.0,2670.76,2626.1,2715.4,0.46,58.486636642,0.486636642,58.003798207,0.003798207,58.000000000,0.000000000
58.5,2622.56,2578.5,2666.7,0.46,59.001256491,0.501256491,58.503712001,0.003712001,58.500000000,0.000000000
59.0,2575.34,2531.8,2618.9,0.47,59.516262038,0.516262038,59.003786835,0.003786835,59.000000000,0.000000000
59.5,2529.11,2486.1,2572.1,0.47,60.031293097,0.531293097,59.503673011,0.003673011,59.500000000,0.000000000
60.0,2483.82,2441.4,2526.3,0.47,60.546654866,0.546654866,60.003666828,0.003666828,60.000000000,0.000000000
60.5,2439.46,2397.6,2481.4,0.48,61.062215996,0.562215996,60.503640825,0.003640825,60.500000000,0.000000000
61.0,2396.00,2354.6,2437.4,0.48,61.578080121,0.578080121,61.003695488,0.003695488,61.000000000,0.000000000
61.5,2353.44,2312.6,2394.3,0.48,62.093998781,0.593998781,61.503590049,0.003590049,61.500000000,0.000000000
62.0,2311.74,2271.4,2352.1,0.49,62.610209115,0.610209115,62.003554361,0.003554361,62.000000000,0.000000000
62.5,2270.88,2231.1,2310.7,0.49,63.126719780,0.626719780,62.503596738,0.003596738,62.500000000,0.000000000
63.0,2230.85,2191.5,2270.2,0.50,63.643415932,0.643415932,63.003605995,0.003605995,63.000000000,0.000000000
63.5,2191.64,2152.8,2230.5,0.50,64.160179206,0.660179206,63.503467726,0.003467726,63.500000000,0.000000000
64.0,2153.21,2114.9,2191.5,0.50,64.677295646,0.677295646,64.003458655,0.003458655,64.000000000,0.000000000
64.5,2115.55,2077.7,2153.4,0.51,65.194665541,0.694665541,64.503482290,0.003482290,64.500000000,0.000000000
65.0,2078.65,2041.3,2116.0,0.51,65.712186707,0.712186707,65.003439918,0.003439918,65.000000000,0.000000000
65.5,2042.49,2005.6,2079.4,0.51,66.229899222,0.729899222,65.503370335,0.003370335,65.500000000,0.000000000
66.0,2007.05,1970.6,2043.5,0.52,66.747852855,0.747852855,66.003321629,0.003321629,66.000000000,0.000000000
66.5,1972.32,1936.3,2008.3,0.52,67.265956990,0.765956990,66.503206380,0.003206380,66.500000000,0.000000000
67.0,1938.27,1902.7,1973.8,0.53,67.784427205,0.784427205,67.003232559,0.003232559,67.000000000,0.000000000
67.5,1904.90,1869.8,1940.0,0.53,68.303032082,0.803032082,67.503176961,0.003176961,67.500000000,0.000000000
68.0,1872.19,1837.5,1906.8,0.53,68.821847214,0.821847214,68.003112537,0.003112537,68.000000000,0.000000000
68.5,1840.12,1805.9,1874.3,0.54,69.340960609,0.840960609,68.503124067,0.003124067,68.500000000,0.000000000
69.0,1808.69,1774.9,1842.5,0.54,69.860139688,0.860139688,69.002987596,0.002987596,69.000000000,0.000000000
69.5,1777.87,1744.5,1811.2,0.55,70.379649371,0.879649371,69.502958232,0.002958232,69.500000000,0.000000000
70.0,1747.65,1714.7,1780.6,0.55,70.899434952,0.899434952,70.002983240,0.002983240,70.000000000,0.000000000
70.5,1718.03,1685.5,1750.6,0.56,71.419265496,0.919265496,70.502840553,0.002840553,70.500000000,0.000000000
71.0,1688.98,1656.9,1721.1,0.56,71.939439565,0.939439565,71.002817310,0.002817310,71.000000000,0.000000000
71.5,1660.50,1628.8,1692.2,0.56,72.459732506,0.959732506,71.502697583,0.002697583,71.500000000,0.000000000
72.0,1632.56,1601.2,1663.9,0.57,72.980471640,0.980471640,72.002795789,0.002795789,72.000000000,0.000000000
72.5,1605.17,1574.2,1636.1,0.57,73.501248411,1.001248411,72.502719555,0.002719555,72.500000000,0.000000000
73.0,1578.31,1547.8,1608.9,0.57,74.022214140,1.022214140,73.002614286,0.002614286,73.000000000,0.000000000
73.5,1551.97,1521.8,1582.1,0.58,74.543338534,1.043338534,73.502450983,0.002450983,73.500000000,0.000000000
74.0,1526.13,1496.3,1555.9,0.58,75.064798316,1.064798316,74.002399132,0.002399132,74.000000000,0.000000000
74.5,1500.78,1471.4,1530.2,0.59,75.586582101,1.086582101,74.502447697,0.002447697,74.500000000,0.000000000
75.0,1475.92,1446.9,1505.0,0.59,76.108470746,1.108470746,75.002386683,0.002386683,75.000000000,0.000000000
75.5,1451.54,1422.8,1480.2,0.59,76.630449095,1.130449095,75.502201732,0.002201732,75.500000000,0.000000000
76.0,1427.62,1399.3,1456.0,0.60,77.152727003,1.152727003,76.002093829,0.002093829,76.000000000,0.000000000
76.5,1404.15,1376.2,1432.1,0.60,77.675311755,1.175311755,76.502069861,0.002069861,76.500000000,0.000000000
77.0,1381.12,1353.5,1408.8,0.61,78.198216335,1.198216335,77.002142145,0.002142145,77.000000000,0.000000000
77.5,1358.54,1331.2,1385.9,0.61,78.720992237,1.220992237,77.501881920,0.001881920,77.500000000,0.000000000
78.0,1336.37,1309.4,1363.3,0.61,79.244352650,1.244352650,78.001970949,0.001970949,78.000000000,0.000000000
78.5,1314.63,1288.0,1341.3,0.62,79.767614487,1.267614487,78.501756501,0.001756501,78.500000000,0.000000000
79.0,1293.29,1267.0,1319.6,0.62,80.291284486,1.291284486,79.001722666,0.001722666,79.000000000,0.000000000
79.5,1272.35,1246.4,1298.3,0.63,80.815157023,1.315157023,79.501673035,0.001673035,79.500000000,0.000000000
80.0,1251.80,1226.1,1277.5,0.63,81.339272654,1.339272654,80.001646314,0.001646314,80.000000000,0.000000000
80.5,1231.64,1206.3,1257.0,0.64,81.863417717,1.363417717,80.501438794,0.001438794,80.500000000,0.000000000
81.0,1211.85,1186.8,1236.9,0.64,82.387902190,1.387902190,81.001346101,0.001346101,81.000000000,0.000000000
81.5,1192.42,1167.7,1217.2,0.64,82.912792743,1.412792743,81.501431603,0.001431603,81.500000000,0.000000000
82.0,1173.36,1148.9,1197.8,0.65,83.437609893,1.437609893,82.001238549,0.001238549,82.000000000,0.000000000
82.5,1154.64,1130.5,1178.8,0.65,83.962975147,1.462975147,82.501358814,0.001358814,82.500000000,0.000000000
83.0,1136.28,1112.4,1160.1,0.66,84.488119528,1.488119528,83.001060443,0.001060443,83.000000000,0.000000000
83.5,1118.25,1094.7,1141.8,0.66,85.013690735,1.513690735,83.500959902,0.000959902,83.500000000,0.000000000
84.0,1100.55,1077.3,1123.8,0.66,85.539492175,1.539492175,84.000870075,0.000870075,84.000000000,0.000000000
84.5,1083.17,1060.2,1106.2,0.67,86.065622215,1.565622215,84.500884420,0.000884420,84.500000000,0.000000000
85.0,1066.11,1043.4,1088.8,0.67,86.591880087,1.591880087,85.000812129,0.000812129,85.000000000,0.000000000
85.5,1049.36,1026.9,1071.8,0.68,87.118371620,1.618371620,85.500753787,0.000753787,85.500000000,0.000000000
86.0,1032.91,1010.7,1055.1,0.68,87.645215622,1.645215622,86.000822128,0.000822128,86.000000000,0.000000000
86.5,1016.77,994.9,1038.7,0.68,88.171885791,1.671885791,86.500517756,0.000517756,86.500000000,0.000000000
87.0,1000.91,979.3,1022.5,0.69,88.699162901,1.699162901,87.000581461,0.000581461,87.000000000,0.000000000
87.5,985.34,964.0,1006.7,0.69,89.226524454,1.726524454,87.500517568,0.000517568,87.500000000,0.000000000
88.0,970.05,948.9,991.2,0.70,89.754109074,1.754109074,88.000457572,0.000457572,88.000000000,0.000000000
88.5,955.04,934.2,975.9,0.70,90.281715898,1.781715898,88.500211251,0.000211251,88.500000000,0.000000000
89.0,940.29,919.7,960.9,0.70,90.809856431,1.809856431,89.000263040,0.000263040,89.000000000,0.000000000
89.5,925.81,905.4,946.2,0.71,91.337980914,1.837980914,89.500092374,0.000092374,89.500000000,0.000000000
90.0,911.59,891.5,931.7,0.71,91.866252446,1.866252446,89.999853795,-0.000146205,90.000000000,0.000000000
90.5,897.61,877.7,917.5,0.72,92.395233115,1.895233115,90.500078813,0.000078813,90.500000000,0.000000000
91.0,883.89,864.2,903.5,0.72,92.923975457,1.923975457,90.999871449,-0.000128551,91.000000000,0.000000000
91.5,870.41,851.0,889.8,0.73,93.453049852,1.953049852,91.499771057,-0.000228943,91.500000000,0.000000000
92.0,857.17,838.0,876.4,0.73,93.982267343,1.982267343,91.999599077,-0.000400923,92.000000000,0.000000000
92.5,844.16,825.2,863.1,0.74,94.511840000,2.011840000,92.499555769,-0.000444231,92.500000000,0.000000000
93.0,831.38,812.6,850.1,0.74,95.041581657,2.041581657,92.999465325,-0.000534675,93.000000000,0.000000000
93.5,818.82,800.3,837.3,0.74,95.571722495,2.071722495,93.499544888,-0.000455112,93.500000000,0.000000000
94.0,806.49,788.2,824.8,0.75,96.101646513,2.101646513,93.999213535,-0.000786465,94.000000000,0.000000000
94.5,794.37,776.3,812.4,0.75,96.632021502,2.132021502,94.499101047,-0.000898953,94.500000000,0.000000000
95.0,782.46,764.6,800.3,0.76,97.162669767,2.162669767,94.999039775,-0.000960225,95.000000000,0.000000000
95.5,770.75,753.1,788.4,0.76,97.693862165,2.193862165,95.499284678,-0.000715322,95.500000000,0.000000000
96.0,759.26,741.8,776.7,0.77,98.224495259,2.224495259,95.998796867,-0.001203133,96.000000000,0.000000000
96.5,747.96,730.7,765.2,0.77,98.755761417,2.255761417,96.498698988,-0.001301012,96.500000000,0.000000000
97.0,736.85,719.8,753.9,0.77,99.287495897,2.287495897,96.998835636,-0.001164364,97.000000000,0.000000000
97.5,725.94,709.1,742.8,0.78,99.819033793,2.319033793,97.498581509,-0.001418491,97.500000000,0.000000000
98.0,715.21,698.6,731.9,0.78,100.351167217,2.351167217,97.998681361,-0.001318639,98.000000000,0.000000000
98.5,704.67,688.2,721.1,0.79,100.883221970,2.383221970,98.498501528,-0.001498472,98.500000000,0.000000000
99.0,694.31,678.1,710.6,0.79,101.415515757,2.415515757,98.998340625,-0.001659375,99.000000000,0.000000000
99.5,684.12,668.0,700.2,0.80,101.948393539,2.448393539,99.498522350,-0.001477650,99.500000000,0.000000000
100.0,674.11,658.2,690.0,0.80,102.481154840,2.481154840,99.998389184,-0.001610816,100.000000000,0.000000000
100.5,664.27,648.6,680.0,0.80,103.014145658,2.514145658,100.498265947,-0.001734053,100.500000000,0.000000000
101.0,654.60,639.1,670.1,0.81,103.547185018,2.547185018,100.997982992,-0.002017008,101.000000000,0.000000000
101.5,645.09,629.8,660.4,0.81,104.080648966,2.580648966,101.497892831,-0.002107169,101.500000000,0.000000000
102.0,635.74,620.6,650.9,0.82,104.614368423,2.614368423,101.997836873,-0.002163127,102.000000000,0.000000000
102.5,626.54,611.6,641.5,0.82,105.148751818,2.648751818,102.498197416,-0.001802584,102.500000000,0.000000000
103.0,617.51,602.7,632.3,0.83,105.682451401,2.682451401,102.997712775,-0.002287225,103.000000000,0.000000000
103.5,608.62,594.0,623.3,0.83,106.217061165,2.717061165,103.497874958,-0.002125042,103.500000000,0.000000000
104.0,599.88,585.4,614.4,0.84,106.751823223,2.751823223,103.997974547,-0.002025453,104.000000000,0.000000000
104.5,591.29,577.0,605.6,0.84,107.286557231,2.786557231,104.497843059,-0.002156941,104.500000000,0.000000000
105.0,582.84,568.7,597.0,0.85,107.821713028,2.821713028,104.997901021,-0.002098979,105.000000000,0.000000000
105.5,574.54,560.6,588.5,0.85,108.356476148,2.856476148,105.497387607,-0.002612393,105.500000000,0.000000000
106.0,566.37,552.5,580.2,0.85,108.891962385,2.891962385,105.997345061,-0.002654939,106.000000000,0.000000000
106.5,558.33,544.7,572.0,0.86,109.428024454,2.928024454,106.497635363,-0.002364637,106.500000000,0.000000000
107.0,550.43,536.9,563.9,0.86,109.963823544,2.963823544,106.997475742,-0.002524258,107.000000000,0.000000000
107.5,542.66,529.3,556.0,0.87,110.499857764,2.999857764,107.497331131,-0.002668869,107.500000000,0.000000000
108.0,535.02,521.8,548.2,0.87,111.035956245,3.035956245,107.997042265,-0.002957735,108.000000000,0.000000000
108.5,527.50,514.4,540.6,0.88,111.572659796,3.072659796,108.497113102,-0.002886898,108.500000000,0.000000000
109.0,520.10,507.2,533.0,0.88,112.109817952,3.109817952,108.997403080,-0.002596920,109.000000000,0.000000000
109.5,512.83,500.1,525.6,0.89,112.646528289,3.146528289,109.497071950,-0.002928050,109.500000000,0.000000000
110.0,505.68,493.1,518.3,0.89,113.183344505,3.183344505,109.996635627,-0.003364373,110.000000000,0.000000000
110.5,498.64,486.2,511.1,0.89,113.720862633,3.220862633,110.496648561,-0.003351439,110.500000000,0.000000000
111.0,491.71,479.4,504.1,0.90,114.258939741,3.258939741,110.996977310,-0.003022690,111.000000000,0.000000000
111.5,484.90,472.7,497.1,0.90,114.796629598,3.296629598,111.496742167,-0.003257833,111.500000000,0.000000000
112.0,478.20,466.1,490.3,0.91,115.334544274,3.334544274,111.996512356,-0.003487644,112.000000000,0.000000000
112.5,471.60,459.7,483.5,0.91,115.873341566,3.373341566,112.496898636,-0.003101364,112.500000000,0.000000000
113.0,465.11,453.3,476.9,0.92,116.412052802,3.412052802,112.997001177,-0.002998823,113.000000000,0.000000000
113.5,458.73,447.1,470.4,0.92,116.950497629,3.450497629,113.496652984,-0.003347016,113.500000000,0.000000000
114.0,452.45,440.9,464.0,0.93,117.489352827,3.489352827,113.996482230,-0.003517770,114.000000000,0.000000000
114.5,446.27,434.9,457.7,0.93,118.028464931,3.528464931,114.496346420,-0.003653580,114.500000000,0.000000000
115.0,440.19,428.9,451.5,0.94,118.567673256,3.567673256,114.996096601,-0.003903399,115.000000000,0.000000000
115.5,434.20,423.0,445.4,0.94,119.107718738,3.607718738,115.496419194,-0.003580806,115.500000000,0.000000000
116.0,428.31,417.3,439.4,0.94,119.647546743,3.647546743,115.996337018,-0.003662982,116.000000000,0.000000000
116.5,422.51,411.6,433.4,0.95,120.187913777,3.687913777,116.496550703,-0.003449297,116.500000000,0.000000000
117.0,416.81,406.0,427.6,0.95,120.727720669,3.727720669,116.996042996,-0.003957004,117.000000000,0.000000000
117.5,411.19,400.5,421.9,0.96,121.268710138,3.768710138,117.496426344,-0.003573656,117.500000000,0.000000000
118.0,405.67,395.1,416.2,0.96,121.808798225,3.808798225,117.995773281,-0.004226719,118.000000000,0.000000000
118.5,400.23,389.8,410.7,0.97,122.349776238,3.849776238,118.495740222,-0.004259778,118.500000000,0.000000000
119.0,394.87,384.5,405.2,0.97,122.891519869,3.891519869,118.996211583,-0.003788417,119.000000000,0.000000000
119.5,389.60,379.4,399.8,0.98,123.432863099,3.932863099,119.496110200,-0.003889800,119.500000000,0.000000000
120.0,384.41,374.3,394.5,0.98,123.974671014,3.974671014,119.996235123,-0.003764877,120.000000000,0.000000000
