case_index,trace,startup_policy,startup_utilization,reset_policy,reset_utilization,usable_i2t_fraction,cooling_tau_s,rated_current_a,samples,valid_updates,invalid_updates,reset_events,authority_loss_events,first_authority_ms,first_reset_ms,first_post_reset_authority_ms,first_post_reset_exhaust_ms,first_prod_exhaust_ms,first_ref_exhaust_ms,first_prod_recovery_ms,first_ref_recovery_ms,prod_utilization_before_reset,prod_utilization_after_reset_seed,max_prod_utilization,max_ref_utilization,final_prod_utilization,final_ref_utilization,max_state_abs_error_a2s,max_state_rel_error,max_cap_abs_error_a,production_underestimate_violations,cap_nonconservative_violations,cap_tolerance_violations,state_tolerance_violations,result_mismatch_violations,latch_mismatch_samples,latch_nonconservative_violations,strict_pass
1,single_100a_0p5s.csv,cold-soak,0,unknown,0.8,0.25,300,80,10001,10000,0,0,0,300000,-1,-1,-1,305400,305400,524000,524000,0,0,1.03602814674,1.03585520028,0.102310195565,0.102273364976,0.346750073658,0.000360127944047,0.0143314836264,0,0,0,0,0,0,0,1
2,single_100a_1p0s.csv,cold-soak,0,unknown,0.8,0.25,300,80,10001,10000,0,0,0,300000,-1,-1,-1,305400,305400,732200,732200,0,0,2.07033157349,2.06998541309,0.204792186618,0.204717327689,0.693939410465,0.000365677603089,0.0143314836264,0,0,0,0,0,0,0,1
3,single_100a_1p5s.csv,cold-soak,0,unknown,0.8,0.25,300,80,10001,10000,0,0,0,300000,-1,-1,-1,305400,305400,854100,854000,0,0,3.10291171074,3.10239351101,0.307444274426,0.307332172704,1.03890105449,0.000364775415575,0.0143314836264,0,0,0,0,0,1,0,1
4,single_100a_3p0s.csv,cold-soak,0,unknown,0.8,0.25,300,80,10001,10000,0,0,0,300000,-1,-1,-1,305400,305400,931800,931800,0,0,4,4,0.398317009211,0.398237916058,1.31485994268,0.000198616413275,0.0143314836264,0,0,0,0,0,0,0,1
5,single_100a_1p5s.csv,cold-soak,0,unknown,0.8,0.25,120,80,10001,10000,0,0,0,300000,-1,-1,-1,305400,305400,525100,525000,0,0,3.09208726883,3.09079822436,0.00955133512616,0.00954659527711,2.58432577702,0.000496492972928,0.0357306252514,0,0,0,0,0,1,0,1
6,single_100a_1p5s.csv,cold-soak,0,unknown,0.8,0.25,300,80,10001,10000,0,0,0,300000,-1,-1,-1,305400,305400,854100,854000,0,0,3.10291171074,3.10239351101,0.307444274426,0.307332172704,1.03890105449,0.000364775415575,0.0143314836264,0,0,0,0,0,1,0,1
7,single_100a_1p5s.csv,cold-soak,0,unknown,0.8,0.25,600,80,10001,10000,0,0,0,300000,-1,-1,-1,305400,305400,-1,-1,0,0,3.10653114319,3.10627150093,0.977746009827,0.977676066113,0.520367188833,8.37178172438e-05,0.00717650349648,0,0,0,0,0,0,0,1
8,single_100a_1p5s.csv,cold-soak,0,unknown,0.8,0.5,120,80,10001,10000,0,0,0,300000,-1,-1,-1,305900,305900,441900,441900,0,0,1.54604363441,1.54539911218,0.00477566756308,0.00477329763855,2.58432577702,0.000496492972928,0.0830660170605,0,0,0,0,0,0,0,1
9,single_100a_1p5s.csv,cold-soak,0,unknown,0.8,0.5,300,80,10001,10000,0,0,0,300000,-1,-1,-1,305900,305900,646200,646100,0,0,1.55145585537,1.5511967555,0.153722137213,0.153666086352,1.03890105449,0.000364775415575,0.0335156610024,0,0,0,0,0,1,0,1
10,single_100a_1p5s.csv,cold-soak,0,unknown,0.8,0.5,600,80,10001,10000,0,0,0,300000,-1,-1,-1,305900,305900,986500,986500,0,0,1.55326557159,1.55313575047,0.488873004913,0.488838033056,0.520367188833,8.37178172438e-05,0.0168294592026,0,0,0,0,0,0,0,1
11,single_100a_1p5s.csv,cold-soak,0,unknown,0.8,0.75,120,80,10001,10000,0,0,0,300000,-1,-1,-1,306400,306400,393300,393200,0,0,1.0306956768,1.03026607479,0.00318377837539,0.0031821984257,2.58432577702,0.000496492972928,0.133098095624,0,0,0,0,0,1,0,1
12,single_100a_1p5s.csv,cold-soak,0,unknown,0.8,0.75,300,80,10001,10000,0,0,0,300000,-1,-1,-1,306400,306400,524500,524500,0,0,1.03430390358,1.03413117034,0.102481424809,0.102444057568,1.03890105449,0.000364775415575,0.0541549582756,0,0,0,0,0,0,0,1
13,single_100a_1p5s.csv,cold-soak,0,unknown,0.8,0.75,600,80,10001,10000,0,0,0,300000,-1,-1,-1,306400,306400,743300,743200,0,0,1.03551030159,1.03542383364,0.325915336609,0.325892022038,0.520367188833,8.37178172438e-05,0.0272280860604,0,0,0,0,0,1,0,1
14,single_100a_1p5s.csv,known-cold,0,unknown,0.8,0.25,120,80,10001,10000,0,0,0,100,-1,-1,-1,305400,305400,525100,525000,0,0,3.09208726883,3.09079822436,0.00955133512616,0.00954659527711,2.58432577702,0.000496492972928,0.0357306252514,0,0,0,0,0,1,0,1
15,single_100a_1p5s.csv,known-cold,0,unknown,0.8,0.25,300,80,10001,10000,0,0,0,100,-1,-1,-1,305400,305400,854100,854000,0,0,3.10291171074,3.10239351101,0.307444274426,0.307332172704,1.03890105449,0.000364775415575,0.0143314836264,0,0,0,0,0,1,0,1
16,single_100a_1p5s.csv,known-cold,0,unknown,0.8,0.25,600,80,10001,10000,0,0,0,100,-1,-1,-1,305400,305400,-1,-1,0,0,3.10653114319,3.10627150093,0.977746009827,0.977676066113,0.520367188833,8.37178172438e-05,0.00717650349648,0,0,0,0,0,0,0,1
17,single_100a_1p5s.csv,known-cold,0,unknown,0.8,0.5,120,80,10001,10000,0,0,0,100,-1,-1,-1,305900,305900,441900,441900,0,0,1.54604363441,1.54539911218,0.00477566756308,0.00477329763855,2.58432577702,0.000496492972928,0.0830660170605,0,0,0,0,0,0,0,1
18,single_100a_1p5s.csv,known-cold,0,unknown,0.8,0.5,300,80,10001,10000,0,0,0,100,-1,-1,-1,305900,305900,646200,646100,0,0,1.55145585537,1.5511967555,0.153722137213,0.153666086352,1.03890105449,0.000364775415575,0.0335156610024,0,0,0,0,0,1,0,1
19,single_100a_1p5s.csv,known-cold,0,unknown,0.8,0.5,600,80,10001,10000,0,0,0,100,-1,-1,-1,305900,305900,986500,986500,0,0,1.55326557159,1.55313575047,0.488873004913,0.488838033056,0.520367188833,8.37178172438e-05,0.0168294592026,0,0,0,0,0,0,0,1
20,single_100a_1p5s.csv,known-cold,0,unknown,0.8,0.75,120,80,10001,10000,0,0,0,100,-1,-1,-1,306400,306400,393300,393200,0,0,1.0306956768,1.03026607479,0.00318377837539,0.0031821984257,2.58432577702,0.000496492972928,0.133098095624,0,0,0,0,0,1,0,1
21,single_100a_1p5s.csv,known-cold,0,unknown,0.8,0.75,300,80,10001,10000,0,0,0,100,-1,-1,-1,306400,306400,524500,524500,0,0,1.03430390358,1.03413117034,0.102481424809,0.102444057568,1.03890105449,0.000364775415575,0.0541549582756,0,0,0,0,0,0,0,1
22,single_100a_1p5s.csv,known-cold,0,unknown,0.8,0.75,600,80,10001,10000,0,0,0,100,-1,-1,-1,306400,306400,743300,743200,0,0,1.03551030159,1.03542383364,0.325915336609,0.325892022038,0.520367188833,8.37178172438e-05,0.0272280860604,0,0,0,0,0,1,0,1
23,single_100a_1p5s.csv,seeded,0.5,unknown,0.8,0.25,120,80,10001,10000,0,0,0,100,-1,-1,-1,305400,305400,526600,526500,0,0,3.13099932671,3.12970913643,0.00967154558748,0.00966678000039,2.5869900598,0.00049303309349,0.0374761023323,0,0,0,0,0,1,0,1
24,single_100a_1p5s.csv,seeded,0.5,unknown,0.8,0.25,300,80,10001,10000,0,0,0,100,-1,-1,-1,305300,305300,871100,871000,0,0,3.28298473358,3.28245074192,0.325285255909,0.325169168492,1.07058610894,0.000357040508124,0.0120625017729,0,0,0,0,0,1,0,1
25,single_100a_1p5s.csv,seeded,0.5,unknown,0.8,0.25,600,80,10001,10000,0,0,0,100,-1,-1,-1,305300,305300,-1,-1,0,0,3.40657663345,3.40631918957,1.07218182087,1.07211386519,0.516060065636,7.56046644085e-05,0.00583404139807,0,0,0,0,0,0,0,1
26,single_100a_1p5s.csv,seeded,0.5,unknown,0.8,0.5,120,80,10001,10000,0,0,0,100,-1,-1,-1,305900,305900,444900,444800,0,0,1.58495569229,1.58431002424,0.00489585241303,0.00489348236184,2.58916606132,0.000484323627076,0.0919879764428,0,0,0,0,0,1,0,1
27,single_100a_1p5s.csv,seeded,0.5,unknown,0.8,0.5,300,80,10001,10000,0,0,0,100,-1,-1,-1,305700,305700,679100,679000,0,0,1.73152899742,1.73125398642,0.171563833952,0.17150308214,1.10266681343,0.000354204495479,0.0278517812662,0,0,0,0,0,1,0,1
28,single_100a_1p5s.csv,seeded,0.5,unknown,0.8,0.5,600,80,10001,10000,0,0,0,100,-1,-1,-1,305600,305600,-1,-1,0,0,1.85331130028,1.8531834391,0.583307683468,0.58327583213,0.512729504939,6.89962562464e-05,0.0106181411151,0,0,0,0,0,0,0,1
29,single_100a_1p5s.csv,seeded,0.5,unknown,0.8,0.75,120,80,10001,10000,0,0,0,100,-1,-1,-1,306300,306300,397700,397700,0,0,1.0696079731,1.06917698685,0.00330396951176,0.00330238314899,2.59231862535,0.000480380819056,0.112597770585,0,0,0,0,0,0,0,1
30,single_100a_1p5s.csv,seeded,0.5,unknown,0.8,0.75,300,80,10001,10000,0,0,0,100,-1,-1,-1,306100,306100,572700,572600,0,0,1.21437656879,1.21418840125,0.120323620737,0.120281053356,1.13186414603,0.000353903864585,0.0436575135317,0,0,0,0,0,1,0,1
31,single_100a_1p5s.csv,seeded,0.5,unknown,0.8,0.75,600,80,10001,10000,0,0,0,100,-1,-1,-1,306000,306000,895900,895900,0,0,1.33555626869,1.33547152228,0.420350581408,0.420329821111,0.509398944242,6.34493649653e-05,0.0208859861065,0,0,0,0,0,0,0,1
32,single_100a_1p5s.csv,seeded,0.8,unknown,0.8,0.25,120,80,10001,10000,0,0,0,100,-1,-1,-1,305400,305400,527500,527400,0,0,3.15434646606,3.15305568366,0.00974363926798,0.00973889083436,2.58819800446,0.000487611508885,0.038632013638,0,0,0,0,0,1,0,1
33,single_100a_1p5s.csv,seeded,0.8,unknown,0.8,0.25,300,80,10001,10000,0,0,0,100,-1,-1,-1,305300,305300,880800,880700,0,0,3.39102721214,3.39048508047,0.335990488529,0.335871365964,1.08717928664,0.000354697228333,0.0146232931558,0,0,0,0,0,1,0,1
34,single_100a_1p5s.csv,seeded,0.8,unknown,0.8,0.25,600,80,10001,10000,0,0,0,100,-1,-1,-1,305200,305200,-1,-1,0,0,3.58660459518,3.58634780275,1.12884390354,1.12877654463,0.5148411798,7.16108580162e-05,0.00359477848477,0,0,0,0,0,0,0,1
35,single_100a_1p5s.csv,seeded,0.8,unknown,0.8,0.5,120,80,10001,10000,0,0,0,100,-1,-1,-1,305900,305900,446700,446600,0,0,1.60830330849,1.60765657148,0.00496798707172,0.00496559319581,2.59353507565,0.000482132532409,0.098885657137,0,0,0,0,0,1,0,1
36,single_100a_1p5s.csv,seeded,0.8,unknown,0.8,0.5,300,80,10001,10000,0,0,0,100,-1,-1,-1,305600,305600,697300,697200,0,0,1.8395717144,1.83928832496,0.182268559933,0.182205279612,1.1364340813,0.000347283579233,0.0263260234607,0,0,0,0,0,1,0,1
37,single_100a_1p5s.csv,seeded,0.8,unknown,0.8,0.5,600,80,10001,10000,0,0,0,100,-1,-1,-1,305500,305500,-1,-1,0,0,2.03333902359,2.03321205229,0.639971137047,0.639938511574,0.509611738353,6.25241156874e-05,0.0106153095858,0,0,0,0,0,0,0,1
38,single_100a_1p5s.csv,seeded,0.8,unknown,0.8,0.75,120,80,10001,10000,0,0,0,100,-1,-1,-1,306300,306300,400300,400200,0,0,1.09295511246,1.09252353409,0.00337608880363,0.00337449398296,2.59594245934,0.000472636368588,0.121686791802,0,0,0,0,0,1,0,1
39,single_100a_1p5s.csv,seeded,0.8,unknown,0.8,0.75,300,80,10001,10000,0,0,0,100,-1,-1,-1,306000,306000,598300,598200,0,0,1.32241988182,1.3222227398,0.13102824986,0.130983250828,1.18568887595,0.000343504462681,0.0494255594973,0,0,0,0,0,1,0,1
40,single_100a_1p5s.csv,seeded,0.8,unknown,0.8,0.75,600,80,10001,10000,0,0,0,100,-1,-1,-1,305700,305700,971800,971800,0,0,1.51558375359,1.51550013546,0.477012842894,0.476992500555,0.503100133503,5.5238325693e-05,0.0125491903309,0,0,0,0,0,0,0,1
41,repeated_corner_exit.csv,cold-soak,0,unknown,0.8,0.25,120,80,6001,6000,0,0,0,300000,-1,-1,-1,305400,305400,-1,-1,0,0,4,4,4,4,3.19673747539,0.000417557133708,0.0357306252514,0,0,0,0,0,0,0,1
42,repeated_corner_exit.csv,cold-soak,0,unknown,0.8,0.25,300,80,6001,6000,0,0,0,300000,-1,-1,-1,305400,305400,-1,-1,0,0,4,4,4,4,1.30958041588,0.000168030320196,0.0143314836264,0,0,0,0,0,0,0,1
43,repeated_corner_exit.csv,cold-soak,0,unknown,0.8,0.25,600,80,6001,6000,0,0,0,300000,-1,-1,-1,305400,305400,-1,-1,0,0,4,4,4,4,0.654024418385,8.37178172438e-05,0.00717650349648,0,0,0,0,0,0,0,1
44,repeated_corner_exit.csv,cold-soak,0,unknown,0.8,0.5,120,80,6001,6000,0,0,0,300000,-1,-1,-1,305900,305900,-1,-1,0,0,4,4,3.98545598984,3.98541081312,6.61692698249,0.000417909760817,0.0830660170605,0,0,0,0,0,0,0,1
45,repeated_corner_exit.csv,cold-soak,0,unknown,0.8,0.5,300,80,6001,6000,0,0,0,300000,-1,-1,-1,305900,305900,-1,-1,0,0,4,4,4,4,2.68429861591,0.000168939727177,0.0335156610024,0,0,0,0,0,0,0,1
46,repeated_corner_exit.csv,cold-soak,0,unknown,0.8,0.5,600,80,6001,6000,0,0,0,300000,-1,-1,-1,305900,305900,-1,-1,0,0,4,4,4,4,1.31039324999,8.3795836095e-05,0.0168294592026,0,0,0,0,0,0,0,1
47,repeated_corner_exit.csv,cold-soak,0,unknown,0.8,0.75,120,80,6001,6000,0,0,0,300000,-1,-1,-1,306400,306400,-1,-1,0,0,4,4,3.95089745522,3.95086791956,9.97955542549,0.000418854482933,0.133098095624,0,0,0,0,0,0,0,1
48,repeated_corner_exit.csv,cold-soak,0,unknown,0.8,0.75,300,80,6001,6000,0,0,0,300000,-1,-1,-1,306400,306400,-1,-1,0,0,4,4,4,4,4.05293725861,0.000170013312432,0.0541549582756,0,0,0,0,0,0,0,1
49,repeated_corner_exit.csv,cold-soak,0,unknown,0.8,0.75,600,80,6001,6000,0,0,0,300000,-1,-1,-1,306400,306400,-1,-1,0,0,4,4,4,4,1.9943002421,8.38913329572e-05,0.0272280860604,0,0,0,0,0,0,0,1
50,repeated_corner_exit.csv,known-cold,0,unknown,0.8,0.25,120,80,6001,6000,0,0,0,100,-1,-1,-1,305400,305400,-1,-1,0,0,4,4,4,4,3.19673747539,0.000417557133708,0.0357306252514,0,0,0,0,0,0,0,1
51,repeated_corner_exit.csv,known-cold,0,unknown,0.8,0.25,300,80,6001,6000,0,0,0,100,-1,-1,-1,305400,305400,-1,-1,0,0,4,4,4,4,1.30958041588,0.000168030320196,0.0143314836264,0,0,0,0,0,0,0,1
52,repeated_corner_exit.csv,known-cold,0,unknown,0.8,0.25,600,80,6001,6000,0,0,0,100,-1,-1,-1,305400,305400,-1,-1,0,0,4,4,4,4,0.654024418385,8.37178172438e-05,0.00717650349648,0,0,0,0,0,0,0,1
53,repeated_corner_exit.csv,known-cold,0,unknown,0.8,0.5,120,80,6001,6000,0,0,0,100,-1,-1,-1,305900,305900,-1,-1,0,0,4,4,3.98545598984,3.98541081312,6.61692698249,0.000417909760817,0.0830660170605,0,0,0,0,0,0,0,1
54,repeated_corner_exit.csv,known-cold,0,unknown,0.8,0.5,300,80,6001,6000,0,0,0,100,-1,-1,-1,305900,305900,-1,-1,0,0,4,4,4,4,2.68429861591,0.000168939727177,0.0335156610024,0,0,0,0,0,0,0,1
55,repeated_corner_exit.csv,known-cold,0,unknown,0.8,0.5,600,80,6001,6000,0,0,0,100,-1,-1,-1,305900,305900,-1,-1,0,0,4,4,4,4,1.31039324999,8.3795836095e-05,0.0168294592026,0,0,0,0,0,0,0,1
56,repeated_corner_exit.csv,known-cold,0,unknown,0.8,0.75,120,80,6001,6000,0,0,0,100,-1,-1,-1,306400,306400,-1,-1,0,0,4,4,3.95089745522,3.95086791956,9.97955542549,0.000418854482933,0.133098095624,0,0,0,0,0,0,0,1
57,repeated_corner_exit.csv,known-cold,0,unknown,0.8,0.75,300,80,6001,6000,0,0,0,100,-1,-1,-1,306400,306400,-1,-1,0,0,4,4,4,4,4.05293725861,0.000170013312432,0.0541549582756,0,0,0,0,0,0,0,1
58,repeated_corner_exit.csv,known-cold,0,unknown,0.8,0.75,600,80,6001,6000,0,0,0,100,-1,-1,-1,306400,306400,-1,-1,0,0,4,4,4,4,1.9943002421,8.38913329572e-05,0.0272280860604,0,0,0,0,0,0,0,1
59,repeated_corner_exit.csv,seeded,0.5,unknown,0.8,0.25,120,80,6001,6000,0,0,0,100,-1,-1,-1,305400,305400,-1,-1,0,0,4,4,4,4,3.19905727065,0.000413606990608,0.0374761023323,0,0,0,0,0,0,0,1
60,repeated_corner_exit.csv,seeded,0.5,unknown,0.8,0.25,300,80,6001,6000,0,0,0,100,-1,-1,-1,305300,305300,-1,-1,0,0,4,4,4,4,1.27153978391,0.000164175032214,0.0120625017729,0,0,0,0,0,0,0,1
61,repeated_corner_exit.csv,seeded,0.5,unknown,0.8,0.25,600,80,6001,6000,0,0,0,100,-1,-1,-1,305300,305300,-1,-1,0,0,4,4,4,4,0.581638514311,7.63406015835e-05,0.00583404139807,0,0,0,0,0,0,0,1
62,repeated_corner_exit.csv,seeded,0.5,unknown,0.8,0.5,120,80,6001,6000,0,0,0,100,-1,-1,-1,305900,305900,-1,-1,0,0,4,4,3.98545598984,3.98541081312,6.62549696261,0.000414651875066,0.0919879764428,0,0,0,0,0,0,0,1
63,repeated_corner_exit.csv,seeded,0.5,unknown,0.8,0.5,300,80,6001,6000,0,0,0,100,-1,-1,-1,305700,305700,-1,-1,0,0,4,4,4,4,2.6094273694,0.000165434659397,0.0278517812662,0,0,0,0,0,0,0,1
64,repeated_corner_exit.csv,seeded,0.5,unknown,0.8,0.5,600,80,6001,6000,0,0,0,100,-1,-1,-1,305600,305600,-1,-1,0,0,4,4,4,4,1.23561540601,7.72348076857e-05,0.0106181411151,0,0,0,0,0,0,0,1
65,repeated_corner_exit.csv,seeded,0.5,unknown,0.8,0.75,120,80,6001,6000,0,0,0,100,-1,-1,-1,306300,306300,-1,-1,0,0,4,4,3.95089745522,3.95086791956,9.98535168593,0.000415524386138,0.112597770585,0,0,0,0,0,0,0,1
66,repeated_corner_exit.csv,seeded,0.5,unknown,0.8,0.75,300,80,6001,6000,0,0,0,100,-1,-1,-1,306100,306100,-1,-1,0,0,4,4,4,4,3.93639338596,0.000166295571952,0.0436575135317,0,0,0,0,0,0,0,1
67,repeated_corner_exit.csv,seeded,0.5,unknown,0.8,0.75,600,80,6001,6000,0,0,0,100,-1,-1,-1,306000,306000,-1,-1,0,0,4,4,4,4,1.85082412462,7.74568330797e-05,0.0208859861065,0,0,0,0,0,0,0,1
68,repeated_corner_exit.csv,seeded,0.8,unknown,0.8,0.25,120,80,6001,6000,0,0,0,100,-1,-1,-1,305400,305400,-1,-1,0,0,4,4,4,4,3.20103508531,0.000411452199615,0.038632013638,0,0,0,0,0,0,0,1
69,repeated_corner_exit.csv,seeded,0.8,unknown,0.8,0.25,300,80,6001,6000,0,0,0,100,-1,-1,-1,305300,305300,-1,-1,0,0,4,4,4,4,1.28802519618,0.000161834416542,0.0146232931558,0,0,0,0,0,0,0,1
70,repeated_corner_exit.csv,seeded,0.8,unknown,0.8,0.25,600,80,6001,6000,0,0,0,100,-1,-1,-1,305200,305200,-1,-1,0,0,4,4,4,4,0.580140184167,7.27199445929e-05,0.00359477848477,0,0,0,0,0,0,0,1
71,repeated_corner_exit.csv,seeded,0.8,unknown,0.8,0.5,120,80,6001,6000,0,0,0,100,-1,-1,-1,305900,305900,-1,-1,0,0,4,4,3.98545598984,3.98541081312,6.46121857421,0.000412529343815,0.098885657137,0,0,0,0,0,0,0,1
72,repeated_corner_exit.csv,seeded,0.8,unknown,0.8,0.5,300,80,6001,6000,0,0,0,100,-1,-1,-1,305600,305600,-1,-1,0,0,4,4,4,4,2.57727216383,0.000163295229629,0.0263260234607,0,0,0,0,0,0,0,1
73,repeated_corner_exit.csv,seeded,0.8,unknown,0.8,0.5,600,80,6001,6000,0,0,0,100,-1,-1,-1,305500,305500,-1,-1,0,0,4,4,4,4,1.16257171931,7.31950575988e-05,0.0106153095858,0,0,0,0,0,0,0,1
74,repeated_corner_exit.csv,seeded,0.8,unknown,0.8,0.75,120,80,6001,6000,0,0,0,100,-1,-1,-1,306300,306300,-1,-1,0,0,4,4,3.95089745522,3.95086791956,9.82371403572,0.000413542552174,0.121686791802,0,0,0,0,0,0,0,1
75,repeated_corner_exit.csv,seeded,0.8,unknown,0.8,0.75,300,80,6001,6000,0,0,0,100,-1,-1,-1,306000,306000,-1,-1,0,0,4,4,4,4,3.91712448683,0.000164017692406,0.0494255594973,0,0,0,0,0,0,0,1
76,repeated_corner_exit.csv,seeded,0.8,unknown,0.8,0.75,600,80,6001,6000,0,0,0,100,-1,-1,-1,305700,305700,-1,-1,0,0,4,4,4,4,1.73769134185,7.32674513473e-05,0.0125491903309,0,0,0,0,0,0,0,1
77,synthetic_endurance.csv,cold-soak,0,unknown,0.8,0.25,120,80,15001,15000,0,0,0,300000,-1,-1,-1,305600,305600,-1,-1,0,0,4,4,3.9635014534,3.96350087602,3.292356887,0.000418991106507,0.0433987039503,0,0,0,0,0,0,0,1
78,synthetic_endurance.csv,cold-soak,0,unknown,0.8,0.25,300,80,15001,15000,0,0,0,300000,-1,-1,-1,305600,305600,-1,-1,0,0,4,4,3.98536157608,3.98536018917,1.34207565164,0.000171511046311,0.0174299665756,0,0,0,0,0,0,0,1
79,synthetic_endurance.csv,cold-soak,0,unknown,0.8,0.25,600,80,15001,15000,0,0,0,300000,-1,-1,-1,305600,305600,-1,-1,0,0,4,4,3.99267339706,3.99267338467,0.643364432873,8.36554019026e-05,0.00871866902568,0,0,0,0,0,0,0,1
80,synthetic_endurance.csv,cold-soak,0,unknown,0.8,0.5,120,80,15001,15000,0,0,0,300000,-1,-1,-1,306300,306300,-1,-1,0,0,4,4,3.9635014534,3.96350087602,6.65728630549,0.000419646492094,0.102249599133,0,0,0,0,0,0,0,1
81,synthetic_endurance.csv,cold-soak,0,unknown,0.8,0.5,300,80,15001,15000,0,0,0,300000,-1,-1,-1,306300,306300,-1,-1,0,0,4,4,3.98536157608,3.98536018917,2.73986240263,0.000173550233378,0.0414609557409,0,0,0,0,0,0,0,1
82,synthetic_endurance.csv,cold-soak,0,unknown,0.8,0.5,600,80,15001,15000,0,0,0,300000,-1,-1,-1,306300,306300,-1,-1,0,0,4,4,3.99267339706,3.99267338467,1.31849214625,8.36554019026e-05,0.0207863867612,0,0,0,0,0,0,0,1
83,synthetic_endurance.csv,cold-soak,0,unknown,0.8,0.75,120,80,15001,15000,0,0,0,300000,-1,-1,-1,306900,306900,-1,-1,0,0,4,4,3.96350073814,3.96350087602,10.0603794975,0.000421603635027,0.131194770183,0,0,0,0,0,0,0,1
84,synthetic_endurance.csv,cold-soak,0,unknown,0.8,0.75,300,80,15001,15000,0,0,0,300000,-1,-1,-1,306900,306900,-1,-1,0,0,4,4,3.98536157608,3.98536018917,4.21833882338,0.000176765131746,0.0536647805542,0,0,0,0,0,0,0,1
85,synthetic_endurance.csv,cold-soak,0,unknown,0.8,0.75,600,80,15001,15000,0,0,0,300000,-1,-1,-1,306900,306900,-1,-1,0,0,4,4,3.99267292023,3.99267338467,1.97908189375,8.36554019026e-05,0.0269626422145,0,0,0,0,0,0,0,1
86,synthetic_endurance.csv,known-cold,0,unknown,0.8,0.25,120,80,15001,15000,0,0,0,100,-1,-1,-1,305600,305600,-1,-1,0,0,4,4,3.9635014534,3.96350087602,3.292356887,0.000418991106507,0.0433987039503,0,0,0,0,0,0,0,1
87,synthetic_endurance.csv,known-cold,0,unknown,0.8,0.25,300,80,15001,15000,0,0,0,100,-1,-1,-1,305600,305600,-1,-1,0,0,4,4,3.98536157608,3.98536018917,1.34207565164,0.000171511046311,0.0174299665756,0,0,0,0,0,0,0,1
88,synthetic_endurance.csv,known-cold,0,unknown,0.8,0.25,600,80,15001,15000,0,0,0,100,-1,-1,-1,305600,305600,-1,-1,0,0,4,4,3.99267339706,3.99267338467,0.643364432873,8.36554019026e-05,0.00871866902568,0,0,0,0,0,0,0,1
89,synthetic_endurance.csv,known-cold,0,unknown,0.8,0.5,120,80,15001,15000,0,0,0,100,-1,-1,-1,306300,306300,-1,-1,0,0,4,4,3.9635014534,3.96350087602,6.65728630549,0.000419646492094,0.102249599133,0,0,0,0,0,0,0,1
90,synthetic_endurance.csv,known-cold,0,unknown,0.8,0.5,300,80,15001,15000,0,0,0,100,-1,-1,-1,306300,306300,-1,-1,0,0,4,4,3.98536157608,3.98536018917,2.73986240263,0.000173550233378,0.0414609557409,0,0,0,0,0,0,0,1
91,synthetic_endurance.csv,known-cold,0,unknown,0.8,0.5,600,80,15001,15000,0,0,0,100,-1,-1,-1,306300,306300,-1,-1,0,0,4,4,3.99267339706,3.99267338467,1.31849214625,8.36554019026e-05,0.0207863867612,0,0,0,0,0,0,0,1
92,synthetic_endurance.csv,known-cold,0,unknown,0.8,0.75,120,80,15001,15000,0,0,0,100,-1,-1,-1,306900,306900,-1,-1,0,0,4,4,3.96350073814,3.96350087602,10.0603794975,0.000421603635027,0.131194770183,0,0,0,0,0,0,0,1
93,synthetic_endurance.csv,known-cold,0,unknown,0.8,0.75,300,80,15001,15000,0,0,0,100,-1,-1,-1,306900,306900,-1,-1,0,0,4,4,3.98536157608,3.98536018917,4.21833882338,0.000176765131746,0.0536647805542,0,0,0,0,0,0,0,1
94,synthetic_endurance.csv,known-cold,0,unknown,0.8,0.75,600,80,15001,15000,0,0,0,100,-1,-1,-1,306900,306900,-1,-1,0,0,4,4,3.99267292023,3.99267338467,1.97908189375,8.36554019026e-05,0.0269626422145,0,0,0,0,0,0,0,1
95,synthetic_endurance.csv,seeded,0.5,unknown,0.8,0.25,120,80,15001,15000,0,0,0,100,-1,-1,-1,305600,305600,-1,-1,0,0,4,4,3.9635014534,3.96350087602,3.29321115029,0.000415285560577,0.0459395833698,0,0,0,0,0,0,0,1
96,synthetic_endurance.csv,seeded,0.5,unknown,0.8,0.25,300,80,15001,15000,0,0,0,100,-1,-1,-1,305500,305500,-1,-1,0,0,4,4,3.98536157608,3.98536018917,1.32333795497,0.000168048658206,0.0169423245887,0,0,0,0,0,0,0,1
97,synthetic_endurance.csv,seeded,0.5,unknown,0.8,0.25,600,80,15001,15000,0,0,0,100,-1,-1,-1,305400,305400,-1,-1,0,0,4,4,3.99267339706,3.99267338467,0.60656105476,7.63126344961e-05,0.00558391808404,0,0,0,0,0,0,0,1
98,synthetic_endurance.csv,seeded,0.5,unknown,0.8,0.5,120,80,15001,15000,0,0,0,100,-1,-1,-1,306200,306200,-1,-1,0,0,4,4,3.9635014534,3.96350087602,6.66491891184,0.000416758253226,0.0856158513836,0,0,0,0,0,0,0,1
99,synthetic_endurance.csv,seeded,0.5,unknown,0.8,0.5,300,80,15001,15000,0,0,0,100,-1,-1,-1,306000,306000,-1,-1,0,0,4,4,3.98536157608,3.98536018917,2.70863893265,0.000170894664474,0.0314573812088,0,0,0,0,0,0,0,1
100,synthetic_endurance.csv,seeded,0.5,unknown,0.8,0.5,600,80,15001,15000,0,0,0,100,-1,-1,-1,305900,305900,-1,-1,0,0,4,4,3.99267339706,3.99267338467,1.22468066077,7.68483007972e-05,0.0138224421022,0,0,0,0,0,0,0,1
101,synthetic_endurance.csv,seeded,0.5,unknown,0.8,0.75,120,80,15001,15000,0,0,0,100,-1,-1,-1,306900,306900,-1,-1,0,0,4,4,3.96350073814,3.96350087602,10.0647031836,0.000419453534735,0.154948248128,0,0,0,0,0,0,0,1
102,synthetic_endurance.csv,seeded,0.5,unknown,0.8,0.75,300,80,15001,15000,0,0,0,100,-1,-1,-1,306600,306600,-1,-1,0,0,4,4,3.98536157608,3.98536018917,4.1474533826,0.000173206558766,0.056544522167,0,0,0,0,0,0,0,1
103,synthetic_endurance.csv,seeded,0.5,unknown,0.8,0.75,600,80,15001,15000,0,0,0,100,-1,-1,-1,306300,306300,-1,-1,0,0,4,4,3.99267292023,3.99267338467,1.82967092249,7.68978262917e-05,0.0176358101884,0,0,0,0,0,0,0,1
104,synthetic_endurance.csv,seeded,0.8,unknown,0.8,0.25,120,80,15001,15000,0,0,0,100,-1,-1,-1,305600,305600,-1,-1,0,0,4,4,3.9635014534,3.96350087602,3.29440730201,0.000413351990518,0.0476708567603,0,0,0,0,0,0,0,1
105,synthetic_endurance.csv,seeded,0.8,unknown,0.8,0.25,300,80,15001,15000,0,0,0,100,-1,-1,-1,305400,305400,-1,-1,0,0,4,4,3.98536157608,3.98536018917,1.29797128537,0.000165315547154,0.014097088043,0,0,0,0,0,0,0,1
106,synthetic_endurance.csv,seeded,0.8,unknown,0.8,0.25,600,80,15001,15000,0,0,0,100,-1,-1,-1,305300,305300,-1,-1,0,0,4,4,3.99267339706,3.99267338467,0.582600331421,7.27795682589e-05,0.00419193523358,0,0,0,0,0,0,0,1
107,synthetic_endurance.csv,seeded,0.8,unknown,0.8,0.5,120,80,15001,15000,0,0,0,100,-1,-1,-1,306200,306200,-1,-1,0,0,4,4,3.9635014534,3.96350087602,6.53812894633,0.000414733058579,0.0912820258096,0,0,0,0,0,0,0,1
108,synthetic_endurance.csv,seeded,0.8,unknown,0.8,0.5,300,80,15001,15000,0,0,0,100,-1,-1,-1,305900,305900,-1,-1,0,0,4,4,3.98536157608,3.98536018917,2.69605894278,0.000169097331043,0.033192393241,0,0,0,0,0,0,0,1
109,synthetic_endurance.csv,seeded,0.8,unknown,0.8,0.5,600,80,15001,15000,0,0,0,100,-1,-1,-1,305600,305600,-1,-1,0,0,4,4,3.99267339706,3.99267338467,1.16957756016,7.29365453954e-05,0.0077876848147,0,0,0,0,0,0,0,1
110,synthetic_endurance.csv,seeded,0.8,unknown,0.8,0.75,120,80,15001,15000,0,0,0,100,-1,-1,-1,306800,306800,-1,-1,0,0,4,4,3.96350073814,3.96350087602,9.95058238216,0.000418370231345,0.130777229704,0,0,0,0,0,0,0,1
111,synthetic_endurance.csv,seeded,0.8,unknown,0.8,0.75,300,80,15001,15000,0,0,0,100,-1,-1,-1,306300,306400,-1,-1,0,0,4,4,3.98536157608,3.98536018917,4.11367403563,0.000172158738645,0.0425001095519,0,0,0,0,0,1,0,1
112,synthetic_endurance.csv,seeded,0.8,unknown,0.8,0.75,600,80,15001,15000,0,0,0,100,-1,-1,-1,306000,306000,-1,-1,0,0,4,4,3.99267292023,3.99267338467,1.73959801645,7.24174142168e-05,0.014576620178,0,0,0,0,0,0,0,1
113,reset_pre_exhaust.csv,cold-soak,0,unknown,0.8,0.25,300,80,4801,4800,0,1,1,300000,305200,-1,305900,305900,305900,-1,-1,0.260629158305,0,4,4,3.91949439049,3.91948797827,1.36428071777,0.000171021998608,0.0173826917978,0,0,0,0,0,0,0,1
114,reset_pre_exhaust.csv,cold-soak,0,unknown,0.8,0.5,300,80,4801,4800,0,1,1,300000,305200,-1,313700,313700,313700,-1,-1,0.130314579153,0,4,4,3.91949439049,3.91948797827,2.76231241593,0.000174109699636,0.0377182173866,0,0,0,0,0,0,0,1
115,reset_pre_exhaust.csv,cold-soak,0,unknown,0.8,0.75,300,80,4801,4800,0,1,1,300000,305200,-1,321500,321500,321500,-1,-1,0.0868763861018,0,4,4,3.91949486732,3.91948797827,4.2694322573,0.000178245620144,0.0560533953969,0,0,0,0,0,0,0,1
116,reset_pre_exhaust.csv,cold-soak,0,known-cold,0.8,0.25,300,80,4801,4800,0,1,0,300000,305200,305200,305900,305900,305900,-1,-1,0.260629158305,0,4,4,3.91949439049,3.91948797827,1.36428071777,0.000171021998608,0.0173826917978,0,0,0,0,0,0,0,1
117,reset_pre_exhaust.csv,cold-soak,0,known-cold,0.8,0.5,300,80,4801,4800,0,1,0,300000,305200,305200,313700,313700,313700,-1,-1,0.130314579153,0,4,4,3.91949439049,3.91948797827,2.76231241593,0.000174109699636,0.0377182173866,0,0,0,0,0,0,0,1
118,reset_pre_exhaust.csv,cold-soak,0,known-cold,0.8,0.75,300,80,4801,4800,0,1,0,300000,305200,305200,321500,321500,321500,-1,-1,0.0868763861018,0,4,4,3.91949486732,3.91948797827,4.2694322573,0.000178245620144,0.0560533953969,0,0,0,0,0,0,0,1
119,reset_pre_exhaust.csv,cold-soak,0,seeded,0.5,0.25,300,80,4801,4800,0,1,0,300000,305200,305200,305500,305500,305500,-1,-1,0.260629158305,0.5,4,4,3.91949439049,3.91948797827,1.1652743515,0.00016706760461,0.00726901411795,0,0,0,0,0,0,0,1
120,reset_pre_exhaust.csv,cold-soak,0,seeded,0.5,0.5,300,80,4801,4800,0,1,0,300000,305200,305200,305900,305900,305900,-1,-1,0.130314579153,0.5,4,4,3.91949439049,3.91948797827,2.48542353963,0.00016706760461,0.0173215776143,0,0,0,0,0,0,0,1
121,reset_pre_exhaust.csv,cold-soak,0,seeded,0.5,0.75,300,80,4801,4800,0,1,0,300000,305200,305200,313400,313400,313400,-1,-1,0.0868763861018,0.5,4,4,3.91949486732,3.91948797827,3.86339573058,0.00016706760461,0.0339304354326,0,0,0,0,0,0,0,1
122,reset_pre_exhaust.csv,cold-soak,0,seeded,0.8,0.25,300,80,4801,4800,0,1,0,300000,305200,305200,305300,305300,305300,-1,-1,0.260629158305,0.8,4,4,3.91949439049,3.91948797827,1.08167097496,0.00016706760461,0.00255765604554,0,0,0,0,0,0,0,1
123,reset_pre_exhaust.csv,cold-soak,0,seeded,0.8,0.5,300,80,4801,4800,0,1,0,300000,305200,305200,305500,305500,305500,-1,-1,0.130314579153,0.8,4,4,3.91949439049,3.91948797827,2.3031847287,0.00016706760461,0.00835452733047,0,0,0,0,0,0,0,1
124,reset_pre_exhaust.csv,cold-soak,0,seeded,0.8,0.75,300,80,4801,4800,0,1,0,300000,305200,305200,305600,305600,305600,-1,-1,0.0868763861018,0.8,4,4,3.91949486732,3.91948797827,3.57651057276,0.00016706760461,0.0100366341024,0,0,0,0,0,0,0,1
125,reset_pre_exhaust.csv,cold-soak,0,restore,0.8,0.25,300,80,4801,4800,0,1,0,300000,305200,305200,305700,305700,305700,-1,-1,0.260629158305,0.260629158305,4,4,3.91949439049,3.91948797827,1.36167604937,0.000171199865196,0.0173826917978,0,0,0,0,0,0,0,1
126,reset_pre_exhaust.csv,cold-soak,0,restore,0.8,0.5,300,80,4801,4800,0,1,0,300000,305200,305200,313500,313500,313500,-1,-1,0.130314579153,0.130314579153,4,4,3.91949439049,3.91948797827,2.75390888746,0.00017418126595,0.0373133396152,0,0,0,0,0,0,0,1
127,reset_pre_exhaust.csv,cold-soak,0,restore,0.8,0.75,300,80,4801,4800,0,1,0,300000,305200,305200,321300,321300,321300,-1,-1,0.0868763861018,0.0868763861018,4,4,3.91949486732,3.91948797827,4.27218018789,0.00017900315604,0.0550958266678,0,0,0,0,0,0,0,1
128,reset_midrun.csv,cold-soak,0,unknown,0.8,0.25,300,80,4801,4800,0,1,1,300000,335000,-1,337700,305700,305700,-1,-1,3.93389110232,0,4,4,3.91949439049,3.91948797827,1.36167604937,0.000171199865196,0.0173826917978,0,0,0,0,0,0,0,1
129,reset_midrun.csv,cold-soak,0,unknown,0.8,0.5,300,80,4801,4800,0,1,1,300000,335000,-1,345500,313500,313500,-1,-1,2.46053299369,0,4,4,3.91949439049,3.91948797827,2.75390888746,0.00017418126595,0.0373133396152,0,0,0,0,0,0,0,1
130,reset_midrun.csv,cold-soak,0,unknown,0.8,0.75,300,80,4801,4800,0,1,1,300000,335000,-1,353300,321300,321300,-1,-1,1.64035532913,0,4,4,3.91949486732,3.91948797827,4.27218018789,0.00017900315604,0.0550958266678,0,0,0,0,0,0,0,1
131,reset_midrun.csv,cold-soak,0,known-cold,0.8,0.25,300,80,4801,4800,0,1,0,300000,335000,335000,337700,305700,305700,-1,-1,3.93389110232,0,4,4,3.91949439049,3.91948797827,1.36167604937,0.000171199865196,0.0173826917978,0,0,0,0,0,0,0,1
132,reset_midrun.csv,cold-soak,0,known-cold,0.8,0.5,300,80,4801,4800,0,1,0,300000,335000,335000,345500,313500,313500,-1,-1,2.46053299369,0,4,4,3.91949439049,3.91948797827,2.75390888746,0.00017418126595,0.0373133396152,0,0,0,0,0,0,0,1
133,reset_midrun.csv,cold-soak,0,known-cold,0.8,0.75,300,80,4801,4800,0,1,0,300000,335000,335000,353300,321300,321300,-1,-1,1.64035532913,0,4,4,3.91949486732,3.91948797827,4.27218018789,0.00017900315604,0.0550958266678,0,0,0,0,0,0,0,1
134,reset_midrun.csv,cold-soak,0,seeded,0.5,0.25,300,80,4801,4800,0,1,0,300000,335000,335000,337300,305700,305700,-1,-1,3.93389110232,0.5,4,4,3.91949439049,3.91948797827,1.36167604937,0.000171199865196,0.0173826917978,0,0,0,0,0,0,0,1
135,reset_midrun.csv,cold-soak,0,seeded,0.5,0.5,300,80,4801,4800,0,1,0,300000,335000,335000,337700,313500,313500,-1,-1,2.46053299369,0.5,4,4,3.91949439049,3.91948797827,2.46373228707,0.000171847282803,0.0373133396152,0,0,0,0,0,0,0,1
136,reset_midrun.csv,cold-soak,0,seeded,0.5,0.75,300,80,4801,4800,0,1,0,300000,335000,335000,345200,321300,321300,-1,-1,1.64035532913,0.5,4,4,3.91949486732,3.91948797827,3.88404535941,0.000171847282803,0.0550958266678,0,0,0,0,0,0,0,1
137,reset_midrun.csv,cold-soak,0,seeded,0.8,0.25,300,80,4801,4800,0,1,0,300000,335000,335000,337100,305700,305700,-1,-1,3.93389110232,0.8,4,4,3.91949439049,3.91948797827,1.36167604937,0.000171199865196,0.0173826917978,0,0,0,0,0,0,0,1
138,reset_midrun.csv,cold-soak,0,seeded,0.8,0.5,300,80,4801,4800,0,1,0,300000,335000,335000,337300,313500,313500,-1,-1,2.46053299369,0.8,4,4,3.91949439049,3.91948797827,2.304257084,0.000171847282803,0.0373133396152,0,0,0,0,0,0,0,1
139,reset_midrun.csv,cold-soak,0,seeded,0.8,0.75,300,80,4801,4800,0,1,0,300000,335000,335000,337400,321300,321300,-1,-1,1.64035532913,0.8,4,4,3.91949486732,3.91948797827,3.61458698782,0.000171847282803,0.0550958266678,0,0,0,0,0,0,0,1
140,reset_midrun.csv,cold-soak,0,restore,0.8,0.25,300,80,4801,4800,0,1,0,300000,335000,335000,335000,305700,305700,-1,-1,3.93389110232,3.93389110232,4,4,3.91949439049,3.91948797827,1.36167604937,0.000171199865196,0.0173826917978,0,0,0,0,0,0,0,1
141,reset_midrun.csv,cold-soak,0,restore,0.8,0.5,300,80,4801,4800,0,1,0,300000,335000,335000,335000,313500,313500,-1,-1,2.46053299369,2.46053299369,4,4,3.91949439049,3.91948797827,2.75390888746,0.00017418126595,0.0373133396152,0,0,0,0,0,0,0,1
142,reset_midrun.csv,cold-soak,0,restore,0.8,0.75,300,80,4801,4800,0,1,0,300000,335000,335000,335000,321300,321300,-1,-1,1.64035532913,1.64035532913,4,4,3.91949486732,3.91948797827,4.27218018789,0.00017900315604,0.0550958266678,0,0,0,0,0,0,0,1
