case_index,trace,startup_policy,startup_utilization,reset_policy,reset_utilization,curve_time_fraction,cooling_tau_s,rated_current_a,samples,valid_updates,invalid_updates,reset_events,authority_loss_events,first_authority_ms,first_reset_ms,first_post_reset_authority_ms,first_post_reset_exhaust_ms,first_prod_exhaust_ms,first_ref_exhaust_ms,first_prod_recovery_ms,first_ref_recovery_ms,prod_utilization_before_reset,prod_utilization_after_reset_seed,max_prod_utilization,max_ref_utilization,final_prod_utilization,final_ref_utilization,max_state_abs_error,max_state_rel_error,max_cap_abs_error_a,production_underestimate_violations,cap_nonconservative_violations,cap_tolerance_violations,state_tolerance_violations,result_mismatch_violations,latch_mismatch_samples,latch_nonconservative_violations,strict_pass
1,single_100a_0p5s.csv,cold-soak,0,unknown,0.8,0.25,300,80,10001,10000,0,0,0,300000,-1,-1,-1,-1,-1,-1,-1,0,0,0.00166833365802,0.00166805549042,0.00016475195298,0.000164692563137,2.78167595996e-07,2.78167595996e-07,0,0,0,0,0,0,0,0,1
2,single_100a_1p0s.csv,cold-soak,0,unknown,0.8,0.25,300,80,10001,10000,0,0,0,300000,-1,-1,-1,-1,-1,-1,-1,0,0,0.00333388918079,0.00333333320377,0.000329779722961,0.00032965984275,5.55977020115e-07,5.55977020115e-07,0,0,0,0,0,0,0,0,1
3,single_100a_1p5s.csv,cold-soak,0,unknown,0.8,0.25,300,80,10001,10000,0,0,0,300000,-1,-1,-1,-1,-1,-1,-1,0,0,0.00499667227268,0.00499583776583,0.000495082465932,0.000494902297082,8.3450685049e-07,8.3450685049e-07,0,0,0,0,0,0,0,0,1
4,single_100a_3p0s.csv,cold-soak,0,unknown,0.8,0.25,300,80,10001,10000,0,0,0,300000,-1,-1,-1,-1,-1,-1,-1,0,0,0.0099684279412,0.00996675868649,0.000992644694634,0.000992285302289,1.66925471715e-06,1.66925471715e-06,0,0,0,0,0,0,0,0,1
5,single_160a_20s.csv,cold-soak,0,unknown,0.8,0.25,300,80,7001,7000,0,0,0,300000,-1,-1,-1,317900,317900,658900,658800,0,0,1.52193200588,1.52167345906,0.43594238162,0.435821439125,0.000258546823146,0.000207657416124,0,0,0,0,0,0,1,0,1
6,single_200a_5s.csv,cold-soak,0,unknown,0.8,0.25,300,80,7001,7000,0,0,0,300000,-1,-1,-1,308200,308200,646700,646600,0,0,1.53611397743,1.53585904308,0.41854685545,0.418430910528,0.000254934353486,0.000203734842642,0,0,0,0,0,0,1,0,1
7,single_100a_1p5s.csv,cold-soak,0,unknown,0.8,0.25,120,80,10001,10000,0,0,0,300000,-1,-1,-1,-1,-1,-1,-1,0,0,0.0124273793772,0.0124222010948,3.83876540582e-05,3.83686406209e-05,5.17828243056e-06,5.17828243056e-06,0,0,0,0,0,0,0,0,1
8,single_100a_1p5s.csv,cold-soak,0,unknown,0.8,0.25,300,80,10001,10000,0,0,0,300000,-1,-1,-1,-1,-1,-1,-1,0,0,0.00499667227268,0.00499583776583,0.000495082465932,0.000494902297082,8.3450685049e-07,8.3450685049e-07,0,0,0,0,0,0,0,0,1
9,single_100a_1p5s.csv,cold-soak,0,unknown,0.8,0.25,600,80,10001,10000,0,0,0,300000,-1,-1,-1,-1,-1,-1,-1,0,0,0.00260330387391,0.00260308752492,0.000819361011963,0.000819302617414,2.16397275122e-07,2.16397275122e-07,0,0,0,0,0,0,0,0,1
10,single_100a_1p5s.csv,cold-soak,0,unknown,0.8,0.5,120,80,10001,10000,0,0,0,300000,-1,-1,-1,-1,-1,-1,-1,0,0,0.0124273793772,0.0124221996901,3.83876540582e-05,3.83686362823e-05,5.17968711687e-06,5.17968711687e-06,0,0,0,0,0,0,0,0,1
11,single_100a_1p5s.csv,cold-soak,0,unknown,0.8,0.5,300,80,10001,10000,0,0,0,300000,-1,-1,-1,-1,-1,-1,-1,0,0,0.00498836813495,0.00498753470408,0.000494259002153,0.000494079771507,8.33430866216e-07,8.33430866216e-07,0,0,0,0,0,0,0,0,1
12,single_100a_1p5s.csv,cold-soak,0,unknown,0.8,0.5,600,80,10001,10000,0,0,0,300000,-1,-1,-1,-1,-1,-1,-1,0,0,0.00250125001185,0.00250104127994,0.000787240103818,0.000787184313741,2.08770539288e-07,2.08770539288e-07,0,0,0,0,0,0,0,0,1
13,single_100a_1p5s.csv,cold-soak,0,unknown,0.8,0.75,120,80,10001,10000,0,0,0,300000,-1,-1,-1,-1,-1,-1,-1,0,0,0.0124273793772,0.0124221996901,3.83876540582e-05,3.83686362823e-05,5.17968711703e-06,5.17968711703e-06,0,0,0,0,0,0,0,0,1
14,single_100a_1p5s.csv,cold-soak,0,unknown,0.8,0.75,300,80,10001,10000,0,0,0,300000,-1,-1,-1,-1,-1,-1,-1,0,0,0.00498835416511,0.00498752090446,0.000494258245453,0.000494078404476,8.33260643787e-07,8.33260643787e-07,0,0,0,0,0,0,0,0,1
15,single_100a_1p5s.csv,cold-soak,0,unknown,0.8,0.75,600,80,10001,10000,0,0,0,300000,-1,-1,-1,-1,-1,-1,-1,0,0,0.00249725603499,0.00249704725119,0.000785982410889,0.000785927222622,2.08857462819e-07,2.08857462819e-07,0,0,0,0,0,0,0,0,1
16,single_100a_1p5s.csv,known-cold,0,unknown,0.8,0.25,120,80,10001,10000,0,0,0,100,-1,-1,-1,-1,-1,-1,-1,0,0,0.0124273793772,0.0124222010948,3.83876540582e-05,3.83686406209e-05,5.17828243056e-06,5.17828243056e-06,0,0,0,0,0,0,0,0,1
17,single_100a_1p5s.csv,known-cold,0,unknown,0.8,0.25,300,80,10001,10000,0,0,0,100,-1,-1,-1,-1,-1,-1,-1,0,0,0.00499667227268,0.00499583776583,0.000495082465932,0.000494902297082,8.3450685049e-07,8.3450685049e-07,0,0,0,0,0,0,0,0,1
18,single_100a_1p5s.csv,known-cold,0,unknown,0.8,0.25,600,80,10001,10000,0,0,0,100,-1,-1,-1,-1,-1,-1,-1,0,0,0.00260330387391,0.00260308752492,0.000819361011963,0.000819302617414,2.16397275122e-07,2.16397275122e-07,0,0,0,0,0,0,0,0,1
19,single_100a_1p5s.csv,known-cold,0,unknown,0.8,0.5,120,80,10001,10000,0,0,0,100,-1,-1,-1,-1,-1,-1,-1,0,0,0.0124273793772,0.0124221996901,3.83876540582e-05,3.83686362823e-05,5.17968711687e-06,5.17968711687e-06,0,0,0,0,0,0,0,0,1
20,single_100a_1p5s.csv,known-cold,0,unknown,0.8,0.5,300,80,10001,10000,0,0,0,100,-1,-1,-1,-1,-1,-1,-1,0,0,0.00498836813495,0.00498753470408,0.000494259002153,0.000494079771507,8.33430866216e-07,8.33430866216e-07,0,0,0,0,0,0,0,0,1
21,single_100a_1p5s.csv,known-cold,0,unknown,0.8,0.5,600,80,10001,10000,0,0,0,100,-1,-1,-1,-1,-1,-1,-1,0,0,0.00250125001185,0.00250104127994,0.000787240103818,0.000787184313741,2.08770539288e-07,2.08770539288e-07,0,0,0,0,0,0,0,0,1
22,single_100a_1p5s.csv,known-cold,0,unknown,0.8,0.75,120,80,10001,10000,0,0,0,100,-1,-1,-1,-1,-1,-1,-1,0,0,0.0124273793772,0.0124221996901,3.83876540582e-05,3.83686362823e-05,5.17968711703e-06,5.17968711703e-06,0,0,0,0,0,0,0,0,1
23,single_100a_1p5s.csv,known-cold,0,unknown,0.8,0.75,300,80,10001,10000,0,0,0,100,-1,-1,-1,-1,-1,-1,-1,0,0,0.00498835416511,0.00498752090446,0.000494258245453,0.000494078404476,8.33260643787e-07,8.33260643787e-07,0,0,0,0,0,0,0,0,1
24,single_100a_1p5s.csv,known-cold,0,unknown,0.8,0.75,600,80,10001,10000,0,0,0,100,-1,-1,-1,-1,-1,-1,-1,0,0,0.00249725603499,0.00249704725119,0.000785982410889,0.000785927222622,2.08857462819e-07,2.08857462819e-07,0,0,0,0,0,0,0,0,1
25,single_100a_1p5s.csv,seeded,0.5,unknown,0.8,0.25,120,80,10001,10000,0,0,0,100,-1,-1,-1,-1,-1,-1,-1,0,0,0.499583512545,0.49958350689,0.000158585855388,0.000158553363907,6.50570408837e-06,6.50570408837e-06,0,0,0,0,0,0,0,0,1
26,single_100a_1p5s.csv,seeded,0.5,unknown,0.8,0.25,300,80,10001,10000,0,0,0,100,-1,-1,-1,-1,-1,-1,-1,0,0,0.499833375216,0.499833361106,0.0183370802552,0.0183318980847,1.6537029621e-05,1.6537029621e-05,0,0,0,0,0,0,0,0,1
27,single_100a_1p5s.csv,seeded,0.5,unknown,0.8,0.25,600,80,10001,10000,0,0,0,100,-1,-1,-1,-1,-1,-1,-1,0,0,0.499916672707,0.499916673609,0.0952552556992,0.0952571016908,2.01940390759e-06,2.01940390759e-06,0,0,0,0,0,0,0,0,1
28,single_100a_1p5s.csv,seeded,0.5,unknown,0.8,0.5,120,80,10001,10000,0,0,0,100,-1,-1,-1,-1,-1,-1,-1,0,0,0.499583512545,0.49958350689,0.000158585855388,0.000158553359568,6.50710877468e-06,6.50710877468e-06,0,0,0,0,0,0,0,0,1
29,single_100a_1p5s.csv,seeded,0.5,unknown,0.8,0.5,300,80,10001,10000,0,0,0,100,-1,-1,-1,-1,-1,-1,-1,0,0,0.499833375216,0.499833361106,0.0183363109827,0.0183310755592,1.65998061851e-05,1.65998061851e-05,0,0,0,0,0,0,0,0,1
30,single_100a_1p5s.csv,seeded,0.5,unknown,0.8,0.5,600,80,10001,10000,0,0,0,100,-1,-1,-1,-1,-1,-1,-1,0,0,0.499916672707,0.499916673609,0.0952231585979,0.0952249833871,1.9643635463e-06,1.9643635463e-06,0,0,0,0,0,0,0,0,1
31,single_100a_1p5s.csv,seeded,0.5,unknown,0.8,0.75,120,80,10001,10000,0,0,0,100,-1,-1,-1,-1,-1,-1,-1,0,0,0.499583512545,0.49958350689,0.000158585855388,0.000158553359568,6.50710877484e-06,6.50710877484e-06,0,0,0,0,0,0,0,0,1
32,single_100a_1p5s.csv,seeded,0.5,unknown,0.8,0.75,300,80,10001,10000,0,0,0,100,-1,-1,-1,-1,-1,-1,-1,0,0,0.499833375216,0.499833361106,0.0183363109827,0.0183310741921,1.66135966046e-05,1.66135966046e-05,0,0,0,0,0,0,0,0,1
33,single_100a_1p5s.csv,seeded,0.5,unknown,0.8,0.75,600,80,10001,10000,0,0,0,100,-1,-1,-1,-1,-1,-1,-1,0,0,0.499916672707,0.499916673609,0.0952221229672,0.095223726296,1.94095443357e-06,1.94095443357e-06,0,0,0,0,0,0,0,0,1
34,single_100a_1p5s.csv,seeded,0.8,unknown,0.8,0.25,120,80,10001,10000,0,0,0,100,-1,-1,-1,-1,-1,-1,-1,0,0,0.799333631992,0.799333611024,0.00023070446332,0.000230664197878,7.25428710273e-06,7.25428710273e-06,0,0,0,0,0,0,0,0,1
35,single_100a_1p5s.csv,seeded,0.8,unknown,0.8,0.25,300,80,10001,10000,0,0,0,100,-1,-1,-1,-1,-1,-1,-1,0,0,0.799733400345,0.799733377769,0.0290423259139,0.0290340955573,2.5755876384e-05,2.5755876384e-05,0,0,0,0,0,0,0,0,1
36,single_100a_1p5s.csv,seeded,0.8,unknown,0.8,0.25,600,80,10001,10000,0,0,0,100,-1,-1,-1,-1,-1,-1,-1,0,0,0.799866676331,0.799866677775,0.151916980743,0.151919781135,3.47096040365e-06,3.47096040365e-06,0,0,0,0,0,0,0,0,1
37,single_100a_1p5s.csv,seeded,0.8,unknown,0.8,0.5,120,80,10001,10000,0,0,0,100,-1,-1,-1,-1,-1,-1,-1,0,0,0.799333631992,0.799333611024,0.00023070446332,0.000230664193539,7.25569178903e-06,7.25569178903e-06,0,0,0,0,0,0,0,0,1
38,single_100a_1p5s.csv,seeded,0.8,unknown,0.8,0.5,300,80,10001,10000,0,0,0,100,-1,-1,-1,-1,-1,-1,-1,0,0,0.799733400345,0.799733377769,0.0290415808558,0.0290332730318,2.60319009781e-05,2.60319009781e-05,0,0,0,0,0,0,0,0,1
39,single_100a_1p5s.csv,seeded,0.8,unknown,0.8,0.5,600,80,10001,10000,0,0,0,100,-1,-1,-1,-1,-1,-1,-1,0,0,0.799866676331,0.799866677775,0.151885077357,0.151887662831,3.16255100175e-06,3.16255100175e-06,0,0,0,0,0,0,0,0,1
40,single_100a_1p5s.csv,seeded,0.8,unknown,0.8,0.75,120,80,10001,10000,0,0,0,100,-1,-1,-1,-1,-1,-1,-1,0,0,0.799333631992,0.799333611024,0.00023070446332,0.000230664193539,7.25569178919e-06,7.25569178919e-06,0,0,0,0,0,0,0,0,1
41,single_100a_1p5s.csv,seeded,0.8,unknown,0.8,0.75,300,80,10001,10000,0,0,0,100,-1,-1,-1,-1,-1,-1,-1,0,0,0.799733400345,0.799733377769,0.0290415808558,0.0290332716647,2.60444457932e-05,2.60444457932e-05,0,0,0,0,0,0,0,0,1
42,single_100a_1p5s.csv,seeded,0.8,unknown,0.8,0.75,600,80,10001,10000,0,0,0,100,-1,-1,-1,-1,-1,-1,-1,0,0,0.799866676331,0.799866677775,0.151883780956,0.15188640574,3.12993308738e-06,3.12993308738e-06,0,0,0,0,0,0,0,0,1
43,repeated_corner_exit.csv,cold-soak,0,unknown,0.8,0.25,120,80,6001,6000,0,0,0,300000,-1,-1,-1,-1,-1,-1,-1,0,0,0.278456896544,0.278338383421,0.271060734987,0.270945227199,0.000118513122821,0.000118513122821,0,0,0,0,0,0,0,0,1
44,repeated_corner_exit.csv,cold-soak,0,unknown,0.8,0.25,300,80,6001,6000,0,0,0,300000,-1,-1,-1,-1,-1,-1,-1,0,0,0.18923176825,0.189192922625,0.187308654189,0.187270008629,3.88456253023e-05,3.88456253023e-05,0,0,0,0,0,0,0,0,1
45,repeated_corner_exit.csv,cold-soak,0,unknown,0.8,0.25,600,80,6001,6000,0,0,0,300000,-1,-1,-1,-1,-1,-1,-1,0,0,0.121838204563,0.121828979703,0.121283121407,0.12127393606,9.22516591688e-06,9.22516591688e-06,0,0,0,0,0,0,0,0,1
46,repeated_corner_exit.csv,cold-soak,0,unknown,0.8,0.5,120,80,6001,6000,0,0,0,300000,-1,-1,-1,-1,-1,-1,-1,0,0,0.278456896544,0.278338351947,0.271060734987,0.270945196561,0.000118544596962,0.000118544596962,0,0,0,0,0,0,0,0,1
47,repeated_corner_exit.csv,cold-soak,0,unknown,0.8,0.5,300,80,6001,6000,0,0,0,300000,-1,-1,-1,-1,-1,-1,-1,0,0,0.18891787529,0.188878484768,0.186997935176,0.186958766647,3.93905214826e-05,3.93905214826e-05,0,0,0,0,0,0,0,0,1
48,repeated_corner_exit.csv,cold-soak,0,unknown,0.8,0.5,600,80,6001,6000,0,0,0,300000,-1,-1,-1,-1,-1,-1,-1,0,0,0.11706289649,0.117053039674,0.116529561579,0.116519754854,9.85841059215e-06,9.85841059215e-06,0,0,0,0,0,0,0,0,1
49,repeated_corner_exit.csv,cold-soak,0,unknown,0.8,0.75,120,80,6001,6000,0,0,0,300000,-1,-1,-1,-1,-1,-1,-1,0,0,0.278456896544,0.278338351947,0.271060734987,0.270945196561,0.000118544596966,0.000118544596966,0,0,0,0,0,0,0,0,1
50,repeated_corner_exit.csv,cold-soak,0,unknown,0.8,0.75,300,80,6001,6000,0,0,0,300000,-1,-1,-1,-1,-1,-1,-1,0,0,0.188917651772,0.188877962175,0.18699772656,0.186958249366,3.96895970391e-05,3.96895970391e-05,0,0,0,0,0,0,0,0,1
51,repeated_corner_exit.csv,cold-soak,0,unknown,0.8,0.75,600,80,6001,6000,0,0,0,300000,-1,-1,-1,-1,-1,-1,-1,0,0,0.1168750301,0.116866112249,0.116342552006,0.116333679056,8.91809602317e-06,8.91809602317e-06,0,0,0,0,0,0,0,0,1
52,repeated_corner_exit.csv,known-cold,0,unknown,0.8,0.25,120,80,6001,6000,0,0,0,100,-1,-1,-1,-1,-1,-1,-1,0,0,0.278456896544,0.278338383421,0.271060734987,0.270945227199,0.000118513122821,0.000118513122821,0,0,0,0,0,0,0,0,1
53,repeated_corner_exit.csv,known-cold,0,unknown,0.8,0.25,300,80,6001,6000,0,0,0,100,-1,-1,-1,-1,-1,-1,-1,0,0,0.18923176825,0.189192922625,0.187308654189,0.187270008629,3.88456253023e-05,3.88456253023e-05,0,0,0,0,0,0,0,0,1
54,repeated_corner_exit.csv,known-cold,0,unknown,0.8,0.25,600,80,6001,6000,0,0,0,100,-1,-1,-1,-1,-1,-1,-1,0,0,0.121838204563,0.121828979703,0.121283121407,0.12127393606,9.22516591688e-06,9.22516591688e-06,0,0,0,0,0,0,0,0,1
55,repeated_corner_exit.csv,known-cold,0,unknown,0.8,0.5,120,80,6001,6000,0,0,0,100,-1,-1,-1,-1,-1,-1,-1,0,0,0.278456896544,0.278338351947,0.271060734987,0.270945196561,0.000118544596962,0.000118544596962,0,0,0,0,0,0,0,0,1
56,repeated_corner_exit.csv,known-cold,0,unknown,0.8,0.5,300,80,6001,6000,0,0,0,100,-1,-1,-1,-1,-1,-1,-1,0,0,0.18891787529,0.188878484768,0.186997935176,0.186958766647,3.93905214826e-05,3.93905214826e-05,0,0,0,0,0,0,0,0,1
57,repeated_corner_exit.csv,known-cold,0,unknown,0.8,0.5,600,80,6001,6000,0,0,0,100,-1,-1,-1,-1,-1,-1,-1,0,0,0.11706289649,0.117053039674,0.116529561579,0.116519754854,9.85841059215e-06,9.85841059215e-06,0,0,0,0,0,0,0,0,1
58,repeated_corner_exit.csv,known-cold,0,unknown,0.8,0.75,120,80,6001,6000,0,0,0,100,-1,-1,-1,-1,-1,-1,-1,0,0,0.278456896544,0.278338351947,0.271060734987,0.270945196561,0.000118544596966,0.000118544596966,0,0,0,0,0,0,0,0,1
59,repeated_corner_exit.csv,known-cold,0,unknown,0.8,0.75,300,80,6001,6000,0,0,0,100,-1,-1,-1,-1,-1,-1,-1,0,0,0.188917651772,0.188877962175,0.18699772656,0.186958249366,3.96895970391e-05,3.96895970391e-05,0,0,0,0,0,0,0,0,1
60,repeated_corner_exit.csv,known-cold,0,unknown,0.8,0.75,600,80,6001,6000,0,0,0,100,-1,-1,-1,-1,-1,-1,-1,0,0,0.1168750301,0.116866112249,0.116342552006,0.116333679056,8.91809602317e-06,8.91809602317e-06,0,0,0,0,0,0,0,0,1
61,repeated_corner_exit.csv,seeded,0.5,unknown,0.8,0.25,120,80,6001,6000,0,0,0,100,-1,-1,-1,-1,-1,-1,-1,0,0,0.499583512545,0.49958350689,0.274429798126,0.274314200448,0.000118701304458,0.000118701304458,0,0,0,0,0,0,0,0,1
62,repeated_corner_exit.csv,seeded,0.5,unknown,0.8,0.25,300,80,6001,6000,0,0,0,100,-1,-1,-1,-1,-1,-1,-1,0,0,0.499833375216,0.499833361106,0.254986137152,0.25493764823,4.86971408235e-05,4.86971408235e-05,0,0,0,0,0,0,0,0,1
63,repeated_corner_exit.csv,seeded,0.5,unknown,0.8,0.25,600,80,6001,6000,0,0,0,100,-1,-1,-1,-1,-1,-1,-1,0,0,0.499916672707,0.499916673609,0.305215626955,0.305213653905,1.99143857388e-06,1.99143857388e-06,0,0,0,0,0,0,0,0,1
64,repeated_corner_exit.csv,seeded,0.5,unknown,0.8,0.5,120,80,6001,6000,0,0,0,100,-1,-1,-1,-1,-1,-1,-1,0,0,0.499583512545,0.49958350689,0.274429798126,0.27431416981,0.0001187327786,0.0001187327786,0,0,0,0,0,0,0,0,1
65,repeated_corner_exit.csv,seeded,0.5,unknown,0.8,0.5,300,80,6001,6000,0,0,0,100,-1,-1,-1,-1,-1,-1,-1,0,0,0.499833375216,0.499833361106,0.254678368568,0.254626406249,5.23323872909e-05,5.23323872909e-05,0,0,0,0,0,0,0,0,1
66,repeated_corner_exit.csv,seeded,0.5,unknown,0.8,0.5,600,80,6001,6000,0,0,0,100,-1,-1,-1,-1,-1,-1,-1,0,0,0.499916672707,0.499916673609,0.300472527742,0.300459472699,1.31450568824e-05,1.31450568824e-05,0,0,0,0,0,0,0,0,1
67,repeated_corner_exit.csv,seeded,0.5,unknown,0.8,0.75,120,80,6001,6000,0,0,0,100,-1,-1,-1,-1,-1,-1,-1,0,0,0.499583512545,0.49958350689,0.274429798126,0.27431416981,0.000118732778603,0.000118732778603,0,0,0,0,0,0,0,0,1
68,repeated_corner_exit.csv,seeded,0.5,unknown,0.8,0.75,300,80,6001,6000,0,0,0,100,-1,-1,-1,-1,-1,-1,-1,0,0,0.499833375216,0.499833361106,0.254678368568,0.254625888967,5.28546319861e-05,5.28546319861e-05,0,0,0,0,0,0,0,0,1
69,repeated_corner_exit.csv,seeded,0.5,unknown,0.8,0.75,600,80,6001,6000,0,0,0,100,-1,-1,-1,-1,-1,-1,-1,0,0,0.499916672707,0.499916673609,0.300285190344,0.300273396901,1.18980238968e-05,1.18980238968e-05,0,0,0,0,0,0,0,0,1
70,repeated_corner_exit.csv,seeded,0.8,unknown,0.8,0.25,120,80,6001,6000,0,0,0,100,-1,-1,-1,-1,-1,-1,-1,0,0,0.799333631992,0.799333611024,0.276451349258,0.276335584397,0.000118820173905,0.000118820173905,0,0,0,0,0,0,0,0,1
71,repeated_corner_exit.csv,seeded,0.8,unknown,0.8,0.25,300,80,6001,6000,0,0,0,100,-1,-1,-1,-1,-1,-1,-1,0,0,0.799733400345,0.799733377769,0.29558673501,0.295538231991,4.87312950181e-05,4.87312950181e-05,0,0,0,0,0,0,0,0,1
72,repeated_corner_exit.csv,seeded,0.8,unknown,0.8,0.25,600,80,6001,6000,0,0,0,100,-1,-1,-1,-1,-1,-1,-1,0,0,0.799866676331,0.799866677775,0.415578067303,0.415577484612,2.67402780951e-06,2.67402780951e-06,0,0,0,0,0,0,0,0,1
73,repeated_corner_exit.csv,seeded,0.8,unknown,0.8,0.5,120,80,6001,6000,0,0,0,100,-1,-1,-1,-1,-1,-1,-1,0,0,0.799333631992,0.799333611024,0.276451349258,0.276335553759,0.000118851648046,0.000118851648046,0,0,0,0,0,0,0,0,1
74,repeated_corner_exit.csv,seeded,0.8,unknown,0.8,0.5,300,80,6001,6000,0,0,0,100,-1,-1,-1,-1,-1,-1,-1,0,0,0.799733400345,0.799733377769,0.295285612345,0.29522699001,5.89736040465e-05,5.89736040465e-05,0,0,0,0,0,0,0,0,1
75,repeated_corner_exit.csv,seeded,0.8,unknown,0.8,0.5,600,80,6001,6000,0,0,0,100,-1,-1,-1,-1,-1,-1,-1,0,0,0.799866676331,0.799866677775,0.410835087299,0.410823303405,1.18993826915e-05,1.18993826915e-05,0,0,0,0,0,0,0,0,1
76,repeated_corner_exit.csv,seeded,0.8,unknown,0.8,0.75,120,80,6001,6000,0,0,0,100,-1,-1,-1,-1,-1,-1,-1,0,0,0.799333631992,0.799333611024,0.276451349258,0.276335553759,0.00011885164805,0.00011885164805,0,0,0,0,0,0,0,0,1
77,repeated_corner_exit.csv,seeded,0.8,unknown,0.8,0.75,300,80,6001,6000,0,0,0,100,-1,-1,-1,-1,-1,-1,-1,0,0,0.799733400345,0.799733377769,0.295285612345,0.295226472728,5.94961970209e-05,5.94961970209e-05,0,0,0,0,0,0,0,0,1
78,repeated_corner_exit.csv,seeded,0.8,unknown,0.8,0.75,600,80,6001,6000,0,0,0,100,-1,-1,-1,-1,-1,-1,-1,0,0,0.799866676331,0.799866677775,0.410647690296,0.410637227608,1.05381206519e-05,1.05381206519e-05,0,0,0,0,0,0,0,0,1
79,synthetic_endurance.csv,cold-soak,0,unknown,0.8,0.25,120,80,15001,15000,0,0,0,300000,-1,-1,-1,-1,-1,-1,-1,0,0,0.208465531468,0.208376083382,0.203291147947,0.203203758733,8.94863224951e-05,8.94863224951e-05,0,0,0,0,0,0,0,0,1
80,synthetic_endurance.csv,cold-soak,0,unknown,0.8,0.25,300,80,15001,15000,0,0,0,300000,-1,-1,-1,-1,-1,-1,-1,0,0,0.199548557401,0.199498776388,0.197644710541,0.197594966417,4.98541047504e-05,4.98541047504e-05,0,0,0,0,0,0,0,0,1
81,synthetic_endurance.csv,cold-soak,0,unknown,0.8,0.25,600,80,15001,15000,0,0,0,300000,-1,-1,-1,-1,-1,-1,-1,0,0,0.174429312348,0.174414734364,0.173984199762,0.173969638286,1.45779846856e-05,1.45779846856e-05,0,0,0,0,0,0,0,0,1
82,synthetic_endurance.csv,cold-soak,0,unknown,0.8,0.5,120,80,15001,15000,0,0,0,300000,-1,-1,-1,-1,-1,-1,-1,0,0,0.208465531468,0.208376083356,0.203291147947,0.20320375871,8.94863265103e-05,8.94863265103e-05,0,0,0,0,0,0,0,0,1
83,synthetic_endurance.csv,cold-soak,0,unknown,0.8,0.5,300,80,15001,15000,0,0,0,300000,-1,-1,-1,-1,-1,-1,-1,0,0,0.199542582035,0.199491058295,0.197638943791,0.197587578095,5.15594735914e-05,5.15594735914e-05,0,0,0,0,0,0,0,0,1
84,synthetic_endurance.csv,cold-soak,0,unknown,0.8,0.5,600,80,15001,15000,0,0,0,300000,-1,-1,-1,-1,-1,-1,-1,0,0,0.173935770988,0.173921042019,0.173501342535,0.173486608073,1.4762153586e-05,1.4762153586e-05,0,0,0,0,0,0,0,0,1
85,synthetic_endurance.csv,cold-soak,0,unknown,0.8,0.75,120,80,15001,15000,0,0,0,300000,-1,-1,-1,-1,-1,-1,-1,0,0,0.208465531468,0.208376083356,0.203291147947,0.20320375871,8.94863265103e-05,8.94863265103e-05,0,0,0,0,0,0,0,0,1
86,synthetic_endurance.csv,cold-soak,0,unknown,0.8,0.75,300,80,15001,15000,0,0,0,300000,-1,-1,-1,-1,-1,-1,-1,0,0,0.199542582035,0.199491057265,0.197638943791,0.197587577109,5.15602803941e-05,5.15602803941e-05,0,0,0,0,0,0,0,0,1
87,synthetic_endurance.csv,cold-soak,0,unknown,0.8,0.75,600,80,15001,15000,0,0,0,300000,-1,-1,-1,-1,-1,-1,-1,0,0,0.173932358623,0.173916540471,0.173497989774,0.173482203743,1.58218040407e-05,1.58218040407e-05,0,0,0,0,0,0,0,0,1
88,synthetic_endurance.csv,known-cold,0,unknown,0.8,0.25,120,80,15001,15000,0,0,0,100,-1,-1,-1,-1,-1,-1,-1,0,0,0.208465531468,0.208376083382,0.203291147947,0.203203758733,8.94863224951e-05,8.94863224951e-05,0,0,0,0,0,0,0,0,1
89,synthetic_endurance.csv,known-cold,0,unknown,0.8,0.25,300,80,15001,15000,0,0,0,100,-1,-1,-1,-1,-1,-1,-1,0,0,0.199548557401,0.199498776388,0.197644710541,0.197594966417,4.98541047504e-05,4.98541047504e-05,0,0,0,0,0,0,0,0,1
90,synthetic_endurance.csv,known-cold,0,unknown,0.8,0.25,600,80,15001,15000,0,0,0,100,-1,-1,-1,-1,-1,-1,-1,0,0,0.174429312348,0.174414734364,0.173984199762,0.173969638286,1.45779846856e-05,1.45779846856e-05,0,0,0,0,0,0,0,0,1
91,synthetic_endurance.csv,known-cold,0,unknown,0.8,0.5,120,80,15001,15000,0,0,0,100,-1,-1,-1,-1,-1,-1,-1,0,0,0.208465531468,0.208376083356,0.203291147947,0.20320375871,8.94863265103e-05,8.94863265103e-05,0,0,0,0,0,0,0,0,1
92,synthetic_endurance.csv,known-cold,0,unknown,0.8,0.5,300,80,15001,15000,0,0,0,100,-1,-1,-1,-1,-1,-1,-1,0,0,0.199542582035,0.199491058295,0.197638943791,0.197587578095,5.15594735914e-05,5.15594735914e-05,0,0,0,0,0,0,0,0,1
93,synthetic_endurance.csv,known-cold,0,unknown,0.8,0.5,600,80,15001,15000,0,0,0,100,-1,-1,-1,-1,-1,-1,-1,0,0,0.173935770988,0.173921042019,0.173501342535,0.173486608073,1.4762153586e-05,1.4762153586e-05,0,0,0,0,0,0,0,0,1
94,synthetic_endurance.csv,known-cold,0,unknown,0.8,0.75,120,80,15001,15000,0,0,0,100,-1,-1,-1,-1,-1,-1,-1,0,0,0.208465531468,0.208376083356,0.203291147947,0.20320375871,8.94863265103e-05,8.94863265103e-05,0,0,0,0,0,0,0,0,1
95,synthetic_endurance.csv,known-cold,0,unknown,0.8,0.75,300,80,15001,15000,0,0,0,100,-1,-1,-1,-1,-1,-1,-1,0,0,0.199542582035,0.199491057265,0.197638943791,0.197587577109,5.15602803941e-05,5.15602803941e-05,0,0,0,0,0,0,0,0,1
96,synthetic_endurance.csv,known-cold,0,unknown,0.8,0.75,600,80,15001,15000,0,0,0,100,-1,-1,-1,-1,-1,-1,-1,0,0,0.173932358623,0.173916540471,0.173497989774,0.173482203743,1.58218040407e-05,1.58218040407e-05,0,0,0,0,0,0,0,0,1
97,synthetic_endurance.csv,seeded,0.5,unknown,0.8,0.25,120,80,15001,15000,0,0,0,100,-1,-1,-1,-1,-1,-1,-1,0,0,0.499583512545,0.49958350689,0.203292995691,0.203205622059,8.95752006791e-05,8.95752006791e-05,0,0,0,0,0,0,0,0,1
98,synthetic_endurance.csv,seeded,0.5,unknown,0.8,0.25,300,80,15001,15000,0,0,0,100,-1,-1,-1,-1,-1,-1,-1,0,0,0.499833375216,0.499833361106,0.201015502214,0.200963939666,5.19501706747e-05,5.19501706747e-05,0,0,0,0,0,0,0,0,1
99,synthetic_endurance.csv,seeded,0.5,unknown,0.8,0.25,600,80,15001,15000,0,0,0,100,-1,-1,-1,-1,-1,-1,-1,0,0,0.499916672707,0.499916673609,0.215024486184,0.215012136069,1.23687052048e-05,1.23687052048e-05,0,0,0,0,0,0,0,0,1
100,synthetic_endurance.csv,seeded,0.5,unknown,0.8,0.5,120,80,15001,15000,0,0,0,100,-1,-1,-1,-1,-1,-1,-1,0,0,0.499583512545,0.49958350689,0.203292995691,0.203205622036,8.95752268766e-05,8.95752268766e-05,0,0,0,0,0,0,0,0,1
101,synthetic_endurance.csv,seeded,0.5,unknown,0.8,0.5,300,80,15001,15000,0,0,0,100,-1,-1,-1,-1,-1,-1,-1,0,0,0.499833375216,0.499833361106,0.201009497046,0.200956551344,5.32344321443e-05,5.32344321443e-05,0,0,0,0,0,0,0,0,1
102,synthetic_endurance.csv,seeded,0.5,unknown,0.8,0.5,600,80,15001,15000,0,0,0,100,-1,-1,-1,-1,-1,-1,-1,0,0,0.499916672707,0.499916673609,0.214540407062,0.214529105856,1.13257690605e-05,1.13257690605e-05,0,0,0,0,0,0,0,0,1
103,synthetic_endurance.csv,seeded,0.5,unknown,0.8,0.75,120,80,15001,15000,0,0,0,100,-1,-1,-1,-1,-1,-1,-1,0,0,0.499583512545,0.49958350689,0.203292995691,0.203205622036,8.95752268766e-05,8.95752268766e-05,0,0,0,0,0,0,0,0,1
104,synthetic_endurance.csv,seeded,0.5,unknown,0.8,0.75,300,80,15001,15000,0,0,0,100,-1,-1,-1,-1,-1,-1,-1,0,0,0.499833375216,0.499833361106,0.201009497046,0.200956550357,5.32354623759e-05,5.32354623759e-05,0,0,0,0,0,0,0,0,1
105,synthetic_endurance.csv,seeded,0.5,unknown,0.8,0.75,600,80,15001,15000,0,0,0,100,-1,-1,-1,-1,-1,-1,-1,0,0,0.499916672707,0.499916673609,0.214537188411,0.214524701526,1.25195299659e-05,1.25195299659e-05,0,0,0,0,0,0,0,0,1
106,synthetic_endurance.csv,seeded,0.8,unknown,0.8,0.25,120,80,15001,15000,0,0,0,100,-1,-1,-1,-1,-1,-1,-1,0,0,0.799333631992,0.799333611024,0.203294023871,0.203206740055,8.95913969322e-05,8.95913969322e-05,0,0,0,0,0,0,0,0,1
107,synthetic_endurance.csv,seeded,0.8,unknown,0.8,0.25,300,80,15001,15000,0,0,0,100,-1,-1,-1,-1,-1,-1,-1,0,0,0.799733400345,0.799733377769,0.203037962317,0.202985323615,5.32903911963e-05,5.32903911963e-05,0,0,0,0,0,0,0,0,1
108,synthetic_endurance.csv,seeded,0.8,unknown,0.8,0.25,600,80,15001,15000,0,0,0,100,-1,-1,-1,-1,-1,-1,-1,0,0,0.799866676331,0.799866677775,0.239644765854,0.239637634739,7.15554296218e-06,7.15554296218e-06,0,0,0,0,0,0,0,0,1
109,synthetic_endurance.csv,seeded,0.8,unknown,0.8,0.5,120,80,15001,15000,0,0,0,100,-1,-1,-1,-1,-1,-1,-1,0,0,0.799333631992,0.799333611024,0.203294023871,0.203206740032,8.95914163266e-05,8.95914163266e-05,0,0,0,0,0,0,0,0,1
110,synthetic_endurance.csv,seeded,0.8,unknown,0.8,0.5,300,80,15001,15000,0,0,0,100,-1,-1,-1,-1,-1,-1,-1,0,0,0.799733400345,0.799733377769,0.203032150865,0.202977935293,5.46903793504e-05,5.46903793504e-05,0,0,0,0,0,0,0,0,1
111,synthetic_endurance.csv,seeded,0.8,unknown,0.8,0.5,600,80,15001,15000,0,0,0,100,-1,-1,-1,-1,-1,-1,-1,0,0,0.799866676331,0.799866677775,0.239160239697,0.239154604526,5.65189687171e-06,5.65189687171e-06,0,0,0,0,0,0,0,0,1
112,synthetic_endurance.csv,seeded,0.8,unknown,0.8,0.75,120,80,15001,15000,0,0,0,100,-1,-1,-1,-1,-1,-1,-1,0,0,0.799333631992,0.799333611024,0.203294023871,0.203206740032,8.95914163266e-05,8.95914163266e-05,0,0,0,0,0,0,0,0,1
113,synthetic_endurance.csv,seeded,0.8,unknown,0.8,0.75,300,80,15001,15000,0,0,0,100,-1,-1,-1,-1,-1,-1,-1,0,0,0.799733400345,0.799733377769,0.203032150865,0.202977934307,5.46911861531e-05,5.46911861531e-05,0,0,0,0,0,0,0,0,1
114,synthetic_endurance.csv,seeded,0.8,unknown,0.8,0.75,600,80,15001,15000,0,0,0,100,-1,-1,-1,-1,-1,-1,-1,0,0,0.799866676331,0.799866677775,0.239152982831,0.239150200196,3.12185310658e-06,3.12185310658e-06,0,0,0,0,0,0,0,0,1
115,reset_pre_exhaust.csv,cold-soak,0,unknown,0.8,0.25,300,80,4801,4800,0,1,1,300000,305200,-1,-1,-1,-1,-1,-1,0.00066655559931,0,0.0557577498257,0.0557474630797,0.0546355471015,0.05462537784,1.02867460462e-05,1.02867460462e-05,0,0,0,0,0,0,0,0,1
116,reset_pre_exhaust.csv,cold-soak,0,unknown,0.8,0.5,300,80,4801,4800,0,1,1,300000,305200,-1,-1,-1,-1,-1,-1,0.00066655559931,0,0.0557577498257,0.0557474630797,0.0546355471015,0.05462537784,1.02867460467e-05,1.02867460467e-05,0,0,0,0,0,0,0,0,1
117,reset_pre_exhaust.csv,cold-soak,0,unknown,0.8,0.75,300,80,4801,4800,0,1,1,300000,305200,-1,-1,-1,-1,-1,-1,0.00066655559931,0,0.0557577498257,0.0557474630797,0.0546355471015,0.05462537784,1.02867460467e-05,1.02867460467e-05,0,0,0,0,0,0,0,0,1
118,reset_pre_exhaust.csv,cold-soak,0,known-cold,0.8,0.25,300,80,4801,4800,0,1,0,300000,305200,305200,-1,-1,-1,-1,-1,0.00066655559931,0,0.0557577498257,0.0557474630797,0.0546355471015,0.05462537784,1.02867460462e-05,1.02867460462e-05,0,0,0,0,0,0,0,0,1
119,reset_pre_exhaust.csv,cold-soak,0,known-cold,0.8,0.5,300,80,4801,4800,0,1,0,300000,305200,305200,-1,-1,-1,-1,-1,0.00066655559931,0,0.0557577498257,0.0557474630797,0.0546355471015,0.05462537784,1.02867460467e-05,1.02867460467e-05,0,0,0,0,0,0,0,0,1
120,reset_pre_exhaust.csv,cold-soak,0,known-cold,0.8,0.75,300,80,4801,4800,0,1,0,300000,305200,305200,-1,-1,-1,-1,-1,0.00066655559931,0,0.0557577498257,0.0557474630797,0.0546355471015,0.05462537784,1.02867460467e-05,1.02867460467e-05,0,0,0,0,0,0,0,0,1
121,reset_pre_exhaust.csv,cold-soak,0,seeded,0.5,0.25,300,80,4801,4800,0,1,0,300000,305200,305200,-1,-1,-1,-1,-1,0.00066655559931,0.5,0.501332044601,0.501331557155,0.333760648966,0.333735969661,2.4686942742e-05,2.4686942742e-05,0,0,0,0,0,0,0,0,1
122,reset_pre_exhaust.csv,cold-soak,0,seeded,0.5,0.5,300,80,4801,4800,0,1,0,300000,305200,305200,-1,-1,-1,-1,-1,0.00066655559931,0.5,0.501332044601,0.501331557155,0.333760648966,0.333735969661,2.46869427425e-05,2.46869427425e-05,0,0,0,0,0,0,0,0,1
123,reset_pre_exhaust.csv,cold-soak,0,seeded,0.5,0.75,300,80,4801,4800,0,1,0,300000,305200,305200,-1,-1,-1,-1,-1,0.00066655559931,0.5,0.501332044601,0.501331557155,0.333760648966,0.333735969661,2.46869427425e-05,2.46869427425e-05,0,0,0,0,0,0,0,0,1
124,reset_pre_exhaust.csv,cold-soak,0,seeded,0.8,0.25,300,80,4801,4800,0,1,0,300000,305200,305200,-1,-1,-1,-1,-1,0.00066655559931,0.800000011921,0.800533056259,0.800532622862,0.501230895519,0.501202324753,2.8570766285e-05,2.8570766285e-05,0,0,0,0,0,0,0,0,1
125,reset_pre_exhaust.csv,cold-soak,0,seeded,0.8,0.5,300,80,4801,4800,0,1,0,300000,305200,305200,-1,-1,-1,-1,-1,0.00066655559931,0.800000011921,0.800533056259,0.800532622862,0.501230895519,0.501202324753,2.85707662856e-05,2.85707662856e-05,0,0,0,0,0,0,0,0,1
126,reset_pre_exhaust.csv,cold-soak,0,seeded,0.8,0.75,300,80,4801,4800,0,1,0,300000,305200,305200,-1,-1,-1,-1,-1,0.00066655559931,0.800000011921,0.800533056259,0.800532622862,0.501230895519,0.501202324753,2.85707662856e-05,2.85707662856e-05,0,0,0,0,0,0,0,0,1
127,reset_pre_exhaust.csv,cold-soak,0,restore,0.8,0.25,300,80,4801,4800,0,1,0,300000,305200,305200,-1,-1,-1,-1,-1,0.00066655559931,0.00066655559931,0.0561375133693,0.0561271284255,0.0550076812506,0.0549974012797,1.03849437958e-05,1.03849437958e-05,0,0,0,0,0,0,0,0,1
128,reset_pre_exhaust.csv,cold-soak,0,restore,0.8,0.5,300,80,4801,4800,0,1,0,300000,305200,305200,-1,-1,-1,-1,-1,0.00066655559931,0.00066655559931,0.0561375133693,0.0561271284255,0.0550076812506,0.0549974012797,1.03849437964e-05,1.03849437964e-05,0,0,0,0,0,0,0,0,1
129,reset_pre_exhaust.csv,cold-soak,0,restore,0.8,0.75,300,80,4801,4800,0,1,0,300000,305200,305200,-1,-1,-1,-1,-1,0.00066655559931,0.00066655559931,0.0561375133693,0.0561271284255,0.0550076812506,0.0549974012797,1.03849437964e-05,1.03849437964e-05,0,0,0,0,0,0,0,0,1
130,reset_midrun.csv,cold-soak,0,unknown,0.8,0.25,300,80,4801,4800,0,1,1,300000,335000,-1,-1,-1,-1,-1,-1,0.0125855635852,0,0.0482186488807,0.0482098669831,0.0472481809556,0.0472394985186,8.78199845001e-06,8.78199845001e-06,0,0,0,0,0,0,0,0,1
131,reset_midrun.csv,cold-soak,0,unknown,0.8,0.5,300,80,4801,4800,0,1,1,300000,335000,-1,-1,-1,-1,-1,-1,0.0125855635852,0,0.0482186488807,0.0482098669831,0.0472481809556,0.0472394985186,8.78199845047e-06,8.78199845047e-06,0,0,0,0,0,0,0,0,1
132,reset_midrun.csv,cold-soak,0,unknown,0.8,0.75,300,80,4801,4800,0,1,1,300000,335000,-1,-1,-1,-1,-1,-1,0.0125855635852,0,0.0482186488807,0.0482098669831,0.0472481809556,0.0472394985186,8.78199845047e-06,8.78199845047e-06,0,0,0,0,0,0,0,0,1
133,reset_midrun.csv,cold-soak,0,known-cold,0.8,0.25,300,80,4801,4800,0,1,0,300000,335000,335000,-1,-1,-1,-1,-1,0.0125855635852,0,0.0482186488807,0.0482098669831,0.0472481809556,0.0472394985186,8.78199845001e-06,8.78199845001e-06,0,0,0,0,0,0,0,0,1
134,reset_midrun.csv,cold-soak,0,known-cold,0.8,0.5,300,80,4801,4800,0,1,0,300000,335000,335000,-1,-1,-1,-1,-1,0.0125855635852,0,0.0482186488807,0.0482098669831,0.0472481809556,0.0472394985186,8.78199845047e-06,8.78199845047e-06,0,0,0,0,0,0,0,0,1
135,reset_midrun.csv,cold-soak,0,known-cold,0.8,0.75,300,80,4801,4800,0,1,0,300000,335000,335000,-1,-1,-1,-1,-1,0.0125855635852,0,0.0482186488807,0.0482098669831,0.0472481809556,0.0472394985186,8.78199845047e-06,8.78199845047e-06,0,0,0,0,0,0,0,0,1
136,reset_midrun.csv,cold-soak,0,seeded,0.5,0.25,300,80,4801,4800,0,1,0,300000,335000,335000,-1,-1,-1,-1,-1,0.0125855635852,0.5,0.499833375216,0.499833361106,0.355520963669,0.355498833242,2.21348982411e-05,2.21348982411e-05,0,0,0,0,0,0,0,0,1
137,reset_midrun.csv,cold-soak,0,seeded,0.5,0.5,300,80,4801,4800,0,1,0,300000,335000,335000,-1,-1,-1,-1,-1,0.0125855635852,0.5,0.499833375216,0.499833361106,0.355520963669,0.355498833242,2.21348982415e-05,2.21348982415e-05,0,0,0,0,0,0,0,0,1
138,reset_midrun.csv,cold-soak,0,seeded,0.5,0.75,300,80,4801,4800,0,1,0,300000,335000,335000,-1,-1,-1,-1,-1,0.0125855635852,0.5,0.499833375216,0.499833361106,0.355520963669,0.355498833242,2.21348982415e-05,2.21348982415e-05,0,0,0,0,0,0,0,0,1
139,reset_midrun.csv,cold-soak,0,seeded,0.8,0.25,300,80,4801,4800,0,1,0,300000,335000,335000,-1,-1,-1,-1,-1,0.0125855635852,0.800000011921,0.799733400345,0.799733377769,0.540479898453,0.540454434076,2.54772157091e-05,2.54772157091e-05,0,0,0,0,0,0,0,0,1
140,reset_midrun.csv,cold-soak,0,seeded,0.8,0.5,300,80,4801,4800,0,1,0,300000,335000,335000,-1,-1,-1,-1,-1,0.0125855635852,0.800000011921,0.799733400345,0.799733377769,0.540479898453,0.540454434076,2.54772157096e-05,2.54772157096e-05,0,0,0,0,0,0,0,0,1
141,reset_midrun.csv,cold-soak,0,seeded,0.8,0.75,300,80,4801,4800,0,1,0,300000,335000,335000,-1,-1,-1,-1,-1,0.0125855635852,0.800000011921,0.799733400345,0.799733377769,0.540479898453,0.540454434076,2.54772157096e-05,2.54772157096e-05,0,0,0,0,0,0,0,0,1
142,reset_midrun.csv,cold-soak,0,restore,0.8,0.25,300,80,4801,4800,0,1,0,300000,335000,335000,-1,-1,-1,-1,-1,0.0125855635852,0.0125855635852,0.0561375133693,0.0561271284255,0.0550076812506,0.0549974012797,1.03849437958e-05,1.03849437958e-05,0,0,0,0,0,0,0,0,1
143,reset_midrun.csv,cold-soak,0,restore,0.8,0.5,300,80,4801,4800,0,1,0,300000,335000,335000,-1,-1,-1,-1,-1,0.0125855635852,0.0125855635852,0.0561375133693,0.0561271284255,0.0550076812506,0.0549974012797,1.03849437964e-05,1.03849437964e-05,0,0,0,0,0,0,0,0,1
144,reset_midrun.csv,cold-soak,0,restore,0.8,0.75,300,80,4801,4800,0,1,0,300000,335000,335000,-1,-1,-1,-1,-1,0.0125855635852,0.0125855635852,0.0561375133693,0.0561271284255,0.0550076812506,0.0549974012797,1.03849437964e-05,1.03849437964e-05,0,0,0,0,0,0,0,0,1
