true_temperature_c,decoded_min_c,decoded_max_c,error_min_c,error_max_c,pull_only_error_min_c,pull_only_error_max_c
-20.0,-20.000000000,-18.767105560,0.000000000,1.232894440,0.000000000,0.846144912
-19.5,-20.000000000,-18.265846377,-0.500000000,1.234153623,-0.500000000,0.848899279
-19.0,-20.000000000,-17.764592285,-1.000000000,1.235407715,-0.887129118,0.851658008
-18.5,-19.758046328,-17.263346312,-1.258046328,1.236653688,-0.890062959,0.854423941
-18.0,-19.259544556,-16.762087578,-1.259544556,1.237912422,-0.893003527,0.857192985
-17.5,-18.761033951,-16.260835157,-1.261033951,1.239164843,-0.895951509,0.859967250
-17.0,-18.262511438,-15.759588501,-1.262511438,1.240411499,-0.898903238,0.862747091
-16.5,-17.764015028,-15.258324706,-1.264015028,1.241675294,-0.901862277,0.865531425
-16.0,-17.265500655,-14.757067902,-1.265500655,1.242932098,-0.904826529,0.868321844
-15.5,-16.766987089,-14.255823133,-1.266987089,1.244176867,-0.907797741,0.871116165
-15.0,-16.268497863,-13.754549548,-1.268497863,1.245450452,-0.910774547,0.873916493
-14.5,-15.769988746,-13.253284308,-1.269988746,1.246715692,-0.913757531,0.876721651
-14.0,-15.271489294,-12.752022763,-1.271489294,1.247977237,-0.916746381,0.879532228
-13.5,-14.772986344,-12.250763786,-1.272986344,1.249236214,-0.919742221,0.882345040
-13.0,-14.274469916,-11.749514933,-1.274469916,1.250485067,-0.922743071,0.885164897
-12.5,-13.775964108,-11.248264404,-1.275964108,1.251735596,-0.925747899,0.887990633
-12.0,-13.277475226,-10.746979568,-1.277475226,1.253020432,-0.928760917,0.890821662
-11.5,-12.778961726,-10.245728962,-1.278961726,1.254271038,-0.931780456,0.893656872
-11.0,-12.280475833,-9.744470852,-1.280475833,1.255529148,-0.934806591,0.896495087
-10.5,-11.781962391,-9.243205267,-1.281962391,1.256794733,-0.937837144,0.899340368
-10.0,-11.283469655,-8.741914126,-1.283469655,1.258085874,-0.940872097,0.902192600
-9.5,-10.784965678,-8.240666283,-1.284965678,1.259333717,-0.943915379,0.905049447
-9.0,-10.286464545,-7.739404633,-1.286464545,1.260595367,-0.946966433,0.907906529
-8.5,-9.787960170,-7.238124656,-1.287960170,1.261875344,-0.950022866,0.910772026
-8.0,-9.289463216,-6.736840612,-1.289463216,1.263159388,-0.953079542,0.913643796
-7.5,-8.790967904,-6.235588261,-1.290967904,1.264411739,-0.956148023,0.916517633
-7.0,-8.292489947,-5.734312034,-1.292489947,1.265687966,-0.959220798,0.919400457
-6.5,-7.793983802,-5.233049247,-1.293983802,1.266950753,-0.962299210,0.922280837
-6.0,-7.295503657,-4.731785393,-1.295503657,1.268214607,-0.965385607,0.925173112
-5.5,-6.796968309,-4.230488955,-1.296968309,1.269511045,-0.968470861,0.928071848
-5.0,-6.298481978,-3.729238849,-1.298481978,1.270761151,-0.971570398,0.930968336
-4.5,-5.800015577,-3.227966469,-1.300015577,1.272033531,-0.974675574,0.933874109
-4.0,-5.301509969,-2.726673760,-1.301509969,1.273326240,-0.977779961,0.936785291
-3.5,-4.803026671,-2.225398250,-1.303026671,1.274601750,-0.980895039,0.939701983
-3.0,-4.304524811,-1.724109735,-1.304524811,1.275890265,-0.984015844,0.942622530
-2.5,-3.806035471,-1.222868738,-1.306035471,1.277131262,-0.987143803,0.945548945
-2.0,-3.307525225,-0.721555363,-1.307525225,1.278444637,-0.990275580,0.948477350
-1.5,-2.809048606,-0.220302926,-1.309048606,1.279697074,-0.993415286,0.951411373
-1.0,-2.310537433,0.280986761,-1.310537433,1.280986761,-0.996556286,0.954355368
-0.5,-1.812071395,0.782261110,-1.312071395,1.282261110,-0.999705535,0.957299832
0.0,-1.313603362,1.283541037,-1.313603362,1.283541037,-1.002783288,0.960249938
0.5,-0.815066965,1.784801332,-1.315066965,1.284801332,-1.005855227,0.963204469
1.0,-0.316612534,2.286098468,-1.316612534,1.286098468,-1.008933278,0.966165064
1.5,0.181854214,2.787372902,-1.318145786,1.287372902,-1.012017770,0.969133043
2.0,0.680396500,3.288640490,-1.319603500,1.288640490,-1.015108827,0.972106004
2.5,1.178824516,3.789944738,-1.321175484,1.289944738,-1.018209424,0.975073749
3.0,1.677366646,4.291198349,-1.322633354,1.291198349,-1.021315258,0.978055301
3.5,2.175858664,4.792542295,-1.324141336,1.292542295,-1.024417753,0.981044170
4.0,2.674284875,5.293768667,-1.325715125,1.293768667,-1.027535092,0.984033424
4.5,3.172785565,5.795053192,-1.327214435,1.295053192,-1.030660675,0.987032261
5.0,3.671309441,6.296356529,-1.328690559,1.296356529,-1.033788483,0.990036047
5.5,4.169733403,6.797664405,-1.330266597,1.297664405,-1.036926742,0.993032053
6.0,4.668259156,7.298882742,-1.331740844,1.298882742,-1.040071178,0.996041570
6.5,5.166707636,7.800186629,-1.333292364,1.300186629,-1.043209236,0.999062864
7.0,5.665242573,8.301508484,-1.334757427,1.301508484,-1.046361980,1.002144409
7.5,6.163695295,8.802792578,-1.336304705,1.302792578,-1.049526561,1.005252814
8.0,6.662175124,9.304088985,-1.337824876,1.304088985,-1.052696727,1.008362853
8.5,7.160638300,9.805361316,-1.339361700,1.305361316,-1.055868100,1.011485509
9.0,7.659133064,10.306694064,-1.340866936,1.306694064,-1.059043838,1.014603997
9.5,8.157635401,10.807979397,-1.342364599,1.307979397,-1.062232012,1.017731646
10.0,8.656124096,11.309220612,-1.343875904,1.309220612,-1.065418851,1.020862959
10.5,9.154602880,11.810551855,-1.345397120,1.310551855,-1.068616287,1.023993201
11.0,9.653079127,12.311788702,-1.346920873,1.311788702,-1.071817829,1.027139850
11.5,10.151578008,12.813096192,-1.348421992,1.313096192,-1.075021358,1.030289781
12.0,10.650031819,13.314410784,-1.349968181,1.314410784,-1.078240912,1.033449851
12.5,11.148485621,13.815703809,-1.351514379,1.315703809,-1.081465434,1.036597622
13.0,11.647016938,14.316944797,-1.352983062,1.316944797,-1.084704421,1.039753502
13.5,12.145470966,14.818234297,-1.354529034,1.318234297,-1.087929255,1.042931455
14.0,12.643941980,15.319567246,-1.356058020,1.319567246,-1.091167856,1.046093295
14.5,13.142419146,15.820829709,-1.357580854,1.320829709,-1.094422959,1.049255080
15.0,13.640888521,16.322041194,-1.359111479,1.322041194,-1.097672337,1.052431715
15.5,14.139385241,16.823370589,-1.360614759,1.323370589,-1.100917101,1.055627641
16.0,14.637920940,17.324727331,-1.362079060,1.324727331,-1.104178923,1.058819522
16.5,15.136392215,17.826026755,-1.363607785,1.326026755,-1.107459362,1.062012707
17.0,15.634845771,18.327335249,-1.365154229,1.327335249,-1.110741808,1.065212193
17.5,16.133361258,18.828589949,-1.366638742,1.328589949,-1.114025609,1.068412213
18.0,16.631862142,19.329884525,-1.368137858,1.329884525,-1.117317462,1.071617781
18.5,17.130278743,19.831184661,-1.369721257,1.331184661,-1.120609785,1.074826956
19.0,17.628715898,20.332447036,-1.371284102,1.332447036,-1.123912025,1.078044607
19.5,18.127301683,20.833811137,-1.372698317,1.333811137,-1.127213870,1.081267819
20.0,18.625660913,21.335109425,-1.374339087,1.335109425,-1.130531810,1.084478126
20.5,19.124297228,21.836328201,-1.375702772,1.336328201,-1.133852409,1.087718182
21.0,19.622662446,22.337641958,-1.377337554,1.337641958,-1.137163847,1.090967307
21.5,20.121126502,22.838903505,-1.378873498,1.338903505,-1.140502964,1.094192354
22.0,20.619692366,23.340127244,-1.380307634,1.340127244,-1.143855063,1.097436418
22.5,21.118201390,23.841570737,-1.381798610,1.341570737,-1.147186926,1.100690938
23.0,21.616702279,24.342873666,-1.383297721,1.342873666,-1.150539487,1.103941831
23.5,22.115014354,24.844107499,-1.384985646,1.344107499,-1.153892638,1.107202362
24.0,22.613611216,25.345349108,-1.386388784,1.345349108,-1.157262146,1.110463353
24.5,23.112169733,25.846668379,-1.387830267,1.346668379,-1.160623505,1.113744471
25.0,23.610527894,26.347978685,-1.389472106,1.347978685,-1.164001605,1.116997662
25.5,24.103937428,26.854590864,-1.396062572,1.354590864,-1.167394450,1.120271534
26.0,24.597329434,27.360981303,-1.402670566,1.360981303,-1.170761709,1.123565436
26.5,25.090626807,27.867515311,-1.409373193,1.367515311,-1.174156539,1.126846540
27.0,25.583956994,28.374109436,-1.416043006,1.374109436,-1.177553440,1.130153549
27.5,26.077220299,28.880645608,-1.422779701,1.380645608,-1.180964453,1.133451604
28.0,26.570634640,29.387332798,-1.429365360,1.387332798,-1.184379293,1.136744248
28.5,27.063833154,29.893815060,-1.436166846,1.393815060,-1.187812086,1.140042318
29.0,27.557042507,30.400568317,-1.442957493,1.400568317,-1.191218543,1.143365371
29.5,28.050191229,30.907267262,-1.449808771,1.407267262,-1.194649254,1.146664078
30.0,28.543531646,31.413874083,-1.456468354,1.413874083,-1.198086229,1.149981879
30.5,29.036709048,31.920327581,-1.463290952,1.420327581,-1.201522768,1.153319269
31.0,29.530035807,32.427200507,-1.469964193,1.427200507,-1.204958407,1.156663730
31.5,30.023158019,32.933861379,-1.476841981,1.433861379,-1.208423722,1.159993289
32.0,30.516377625,33.440264662,-1.483622375,1.440264662,-1.211896549,1.163316249
32.5,31.009376048,33.947118721,-1.490623952,1.447118721,-1.215367405,1.166643427
33.0,31.502833726,34.453694734,-1.497166274,1.453694734,-1.218830684,1.169999558
33.5,31.995858657,34.960414339,-1.504141343,1.460414339,-1.222275748,1.173363476
34.0,32.489104699,35.467271036,-1.510895301,1.467271036,-1.225781846,1.176703264
34.5,32.982547114,35.973948700,-1.517452886,1.473948700,-1.229256766,1.180091787
35.0,33.475873461,36.480892624,-1.524126539,1.480892624,-1.232763461,1.183450980
35.5,33.968838641,36.987329748,-1.531161359,1.487329748,-1.236267287,1.186829360
36.0,34.462139001,37.494173329,-1.537860999,1.494173329,-1.239775486,1.190200314
36.5,34.955578039,38.001090262,-1.544421961,1.501090262,-1.243309295,1.193564019
37.0,35.448815858,38.507873586,-1.551184142,1.507873586,-1.246803518,1.196968579
37.5,35.941941155,39.014942928,-1.558058845,1.514942928,-1.250336429,1.200329709
38.0,36.435091847,39.521982246,-1.564908153,1.521982246,-1.253864874,1.203736376
38.5,36.928319736,40.029094537,-1.571680264,1.529094537,-1.257388273,1.207169871
39.0,37.421409449,40.535943069,-1.578590551,1.535943069,-1.260926918,1.210564634
39.5,37.914452658,41.042756937,-1.585547342,1.542756937,-1.264503357,1.213956911
40.0,38.407598010,41.550085421,-1.592401990,1.550085421,-1.268077037,1.217388338
40.5,38.900592523,42.057160581,-1.599407477,1.557160581,-1.271600867,1.220830626
41.0,39.393605261,42.564227298,-1.606394739,1.564227298,-1.275193102,1.224211273
41.5,39.886813704,43.070905766,-1.613186296,1.570905766,-1.278784447,1.227640803
42.0,40.379914963,43.577934769,-1.620085037,1.577934769,-1.282337544,1.231095315
42.5,40.872685456,44.085044020,-1.627314544,1.585044020,-1.285919675,1.234504976
43.0,41.365808193,44.592477810,-1.634191807,1.592477810,-1.289513577,1.237955150
43.5,41.858993112,45.099359895,-1.641006888,1.599359895,-1.293108702,1.241400969
44.0,42.352019938,45.606576787,-1.647980062,1.606576787,-1.296698281,1.244848454
44.5,42.844565411,46.113778540,-1.655434589,1.613778540,-1.300324500,1.248310431
45.0,43.338014859,46.620664836,-1.661985141,1.620664836,-1.303911122,1.251793667
45.5,43.830419061,47.127594785,-1.669580939,1.627594785,-1.307553507,1.255222074
46.0,44.323817010,47.634856639,-1.676182990,1.634856639,-1.311194943,1.258696496
46.5,44.816745526,48.142178158,-1.683254474,1.642178158,-1.314805473,1.262197463
47.0,45.309564735,48.649315969,-1.690435265,1.649315969,-1.318435381,1.265682621
47.5,45.802620435,49.156547115,-1.697379565,1.656547115,-1.322101487,1.269152855
48.0,46.294958853,49.663684464,-1.705041147,1.663684464,-1.325738613,1.272669813
48.5,46.788298694,50.171063352,-1.711701306,1.671063352,-1.329442512,1.276101148
49.0,47.281088568,50.677771078,-1.718911432,1.677771078,-1.333053884,1.279646018
49.5,47.773670296,51.185613811,-1.726329704,1.685613811,-1.336759591,1.283144551
50.0,48.266526060,51.692878505,-1.733473940,1.692878505,-1.340375109,1.286675027
50.5,48.759363187,52.200079646,-1.740636813,1.700079646,-1.344096969,1.290170373
51.0,49.251921105,52.706852573,-1.748078895,1.706852573,-1.347808916,1.293663557
51.5,49.744695071,53.214541559,-1.755304929,1.714541559,-1.351467163,1.297223917
52.0,50.237416550,53.721318304,-1.762583450,1.721318304,-1.355179855,1.300729157
52.5,50.730661822,54.229260520,-1.769338178,1.729260520,-1.358868255,1.304304501
53.0,51.223325525,54.736492879,-1.776674475,1.736492879,-1.362580463,1.307846965
53.5,51.715956821,55.243654712,-1.784043179,1.743654712,-1.366313419,1.311326464
54.0,52.208342503,55.750355631,-1.791657497,1.750355631,-1.370081464,1.314878667
54.5,52.701004895,56.258131023,-1.798995105,1.758131023,-1.373758439,1.318459049
55.0,53.193754197,56.765968106,-1.806245803,1.765968106,-1.377457795,1.321980328
55.5,53.686368150,57.272556765,-1.813631850,1.772556765,-1.381247003,1.325526704
56.0,54.179424999,57.780408771,-1.820575001,1.780408771,-1.384949083,1.329203255
56.5,54.671761514,58.287472831,-1.828238486,1.787472831,-1.388688397,1.332738458
57.0,55.164145278,58.795355076,-1.835854722,1.795355076,-1.392486537,1.336277416
57.5,55.657236351,59.302905761,-1.842763649,1.802905761,-1.396312878,1.339827757
58.0,56.149763595,59.809807694,-1.850236405,1.809807694,-1.400022558,1.343489591
58.5,56.641606940,60.316791189,-1.858393060,1.816791189,-1.403814140,1.347028147
59.0,57.134505251,60.824688274,-1.865494749,1.824688274,-1.407517881,1.350712783
59.5,57.627120818,61.332303974,-1.872879182,1.832303974,-1.411421708,1.354162558
60.0,58.119261848,61.839294279,-1.880738152,1.839294279,-1.415156379,1.357814178
60.5,58.611817027,62.346444305,-1.888182973,1.846444305,-1.419020458,1.361447984
61.0,59.104432073,62.854781533,-1.895567927,1.854781533,-1.422667953,1.365091019
61.5,59.597087774,63.361818535,-1.902912226,1.861818535,-1.426569693,1.368580707
62.0,60.089328936,63.869527775,-1.910671064,1.869527775,-1.430401821,1.372262907
62.5,60.582192942,64.376431985,-1.917807058,1.876431985,-1.434210526,1.375971153
63.0,61.074198655,64.884920635,-1.925801345,1.884920635,-1.437927553,1.379593101
63.5,61.566489966,65.392205278,-1.933510034,1.892205278,-1.441868254,1.383113950
64.0,62.059935080,65.899259647,-1.940064920,1.899259647,-1.445751213,1.386805995
64.5,62.551750661,66.407257346,-1.948249339,1.907257346,-1.449563081,1.390525906
65.0,63.044396569,66.914460527,-1.955603431,1.914460527,-1.453325938,1.394231692
65.5,63.536402482,67.422157056,-1.963597518,1.922157056,-1.457242083,1.397818334
66.0,64.028642703,67.930114571,-1.971357297,1.930114571,-1.461168164,1.401465531
66.5,64.521002710,68.438022481,-1.978997290,1.938022481,-1.465103924,1.405074901
67.0,65.013354390,68.945828220,-1.986645610,1.945828220,-1.468879945,1.408770992
67.5,65.505428003,69.453083959,-1.994571997,1.953083959,-1.472759786,1.412496402
68.0,65.998477783,69.961118465,-2.001522217,1.961118465,-1.476597882,1.416156794
68.5,66.490967918,70.468353108,-2.009032082,1.968353108,-1.480497768,1.419833916
69.0,66.982324755,70.975887222,-2.017675245,1.975887222,-1.484472799,1.423499244
69.5,67.475632068,71.483697833,-2.024367932,1.983697833,-1.488339652,1.427202688
70.0,67.967505511,71.991273818,-2.032494489,1.991273818,-1.492230018,1.431029294
70.5,68.459201090,72.498756932,-2.040798910,1.998756932,-1.496149117,1.434519549
71.0,68.952366998,73.005884586,-2.047633002,2.005884586,-1.500059770,1.438255185
71.5,69.444952013,73.514162244,-2.055047987,2.014162244,-1.504049253,1.441947665
72.0,69.936735867,74.023227200,-2.063264133,2.023227200,-1.507667295,1.445917851
72.5,70.429430683,74.531011761,-2.070569317,2.031011761,-1.511577136,1.449625903
73.0,70.920844279,75.037423337,-2.079155721,2.037423337,-1.515430958,1.453207476
73.5,71.414529125,75.546125975,-2.085470875,2.046125975,-1.519553178,1.456824886
74.0,71.906416004,76.054801469,-2.093583996,2.054801469,-1.523414231,1.460682058
74.5,72.398378202,76.561152120,-2.101621798,2.061152120,-1.527148568,1.464584329
75.0,72.890161461,77.069087688,-2.109838539,2.069087688,-1.530941534,1.468297928
75.5,73.383537146,77.578763666,-2.116462854,2.078763666,-1.534962115,1.471796621
76.0,73.874195454,78.085173260,-2.125804546,2.085173260,-1.539011731,1.475684339
76.5,74.367974670,78.592861606,-2.132025330,2.092861606,-1.542892831,1.479347896
77.0,74.858661134,79.101298495,-2.141338866,2.101298495,-1.546565347,1.483385903
77.5,75.350243945,79.610473873,-2.149756055,2.110473873,-1.550629291,1.486934886
78.0,75.844635628,80.117866591,-2.155364372,2.117866591,-1.554436795,1.490846864
78.5,76.335007737,80.625652687,-2.164992263,2.125652687,-1.558642046,1.494438651
79.0,76.827776127,81.133384800,-2.172223873,2.133384800,-1.562398023,1.498393802
79.5,77.320824204,81.640933393,-2.179175796,2.140933393,-1.566436389,1.502266990
80.0,77.811302614,82.150793651,-2.188697386,2.150793651,-1.570244032,1.506021086
80.5,78.303866266,82.657485216,-2.196133734,2.157485216,-1.574347655,1.509869760
81.0,78.795923149,83.166230885,-2.204076851,2.166230885,-1.578356708,1.513538749
81.5,79.287173880,83.673863331,-2.212826120,2.173863331,-1.582212831,1.517801019
82.0,79.779997439,84.182955230,-2.220002561,2.182955230,-1.586205096,1.521589992
82.5,80.271773183,84.690601798,-2.228226817,2.190601798,-1.589957714,1.525686339
83.0,80.764833382,85.199445629,-2.235166618,2.199445629,-1.594292602,1.529266455
83.5,81.256182788,85.706339557,-2.243817212,2.206339557,-1.598249296,1.533134328
84.0,81.748495057,86.214064436,-2.251504943,2.214064436,-1.602395412,1.536995224
84.5,82.238753936,86.722437399,-2.261246064,2.222437399,-1.606180484,1.540877441
85.0,82.732427474,87.231076246,-2.267572526,2.231076246,-1.610123478,1.544991893
85.5,83.223779082,87.740026161,-2.276220918,2.240026161,-1.614109426,1.548796526
86.0,83.715209634,88.249119635,-2.284790366,2.249119635,-1.618057659,1.552851226
86.5,84.206604688,88.754786118,-2.293395312,2.254786118,-1.622339113,1.556549602
87.0,84.700885420,89.263236648,-2.299114580,2.263236648,-1.626252946,1.560758676
87.5,85.191814611,89.771264483,-2.308185389,2.271264483,-1.630395137,1.564604709
88.0,85.682114862,90.281677907,-2.317885138,2.281677907,-1.634301833,1.568665863
88.5,86.174933151,90.787744690,-2.325066849,2.287744690,-1.638564412,1.572535595
89.0,86.666970863,91.296188357,-2.333029137,2.296188357,-1.642548085,1.576374427
89.5,87.157675016,91.806808373,-2.342324984,2.306808373,-1.646724725,1.580348311
90.0,87.650528381,92.312159145,-2.349471619,2.312159145,-1.650846804,1.584178535
90.5,88.141922929,92.822974886,-2.358077071,2.322974886,-1.654665477,1.588521650
91.0,88.635165031,93.331703063,-2.364834969,2.331703063,-1.658857953,1.592331768
91.5,89.126326694,93.838353995,-2.373673306,2.338353995,-1.662835887,1.596261753
92.0,89.615460064,94.346318560,-2.384539936,2.346318560,-1.667174912,1.600065655
92.5,90.109573827,94.855383631,-2.390426173,2.355383631,-1.671263618,1.604294358
93.0,90.600870799,95.365296247,-2.399129201,2.365296247,-1.675327971,1.608292351
93.5,91.093530376,95.872477102,-2.406469624,2.372477102,-1.679221657,1.612358180
94.0,91.583061695,96.380235988,-2.416938305,2.380235988,-1.683583478,1.615939326
94.5,92.077329180,96.888238824,-2.422670820,2.388238824,-1.687752244,1.620227560
95.0,92.568033935,97.396861769,-2.431966065,2.396861769,-1.691962789,1.624212421
95.5,93.059126718,97.905494164,-2.440873282,2.405494164,-1.695693004,1.628431758
96.0,93.550326546,98.414317340,-2.449673454,2.414317340,-1.700125934,1.632117339
96.5,94.041927219,98.923032727,-2.458072781,2.423032727,-1.704295373,1.636012470
97.0,94.533209598,99.431118277,-2.466790402,2.431118277,-1.708436334,1.640352087
97.5,95.024135916,99.938894439,-2.475864084,2.438894439,-1.712679218,1.644188981
98.0,95.514314507,100.445968835,-2.485685493,2.445968835,-1.716488123,1.648232720
98.5,96.009175594,100.957157630,-2.490824406,2.457157630,-1.720877351,1.652221254
99.0,96.498230088,101.462170147,-2.501769912,2.462170147,-1.725143519,1.656276161
99.5,96.990880667,101.975910364,-2.509119333,2.475910364,-1.729092068,1.660733063
100.0,97.482777751,102.482763975,-2.517222249,2.482763975,-1.733371617,1.664731347
100.5,97.972997498,102.988688499,-2.527002502,2.488688499,-1.737527941,1.668581781
101.0,98.466868072,103.497375328,-2.533131928,2.497375328,-1.742032953,1.672282867
101.5,98.959078439,104.004102223,-2.540921561,2.504102223,-1.746358904,1.676522578
102.0,99.449072878,104.514342068,-2.550927122,2.514342068,-1.750508130,1.680396644
102.5,99.942399706,105.021916236,-2.557600294,2.521916236,-1.754177325,1.684821775
103.0,100.433488447,105.533047736,-2.566511553,2.533047736,-1.758702751,1.688475627
103.5,100.922168399,106.040778252,-2.577831601,2.540778252,-1.762707571,1.692885829
104.0,101.413415242,106.551024714,-2.586584758,2.551024714,-1.766990847,1.697412135
104.5,101.907289614,107.058313415,-2.592710386,2.558313415,-1.771346972,1.701285240
105.0,102.397768879,107.568125156,-2.602231121,2.568125156,-1.775353739,1.705334539
105.5,102.891268870,108.074151469,-2.608731130,2.574151469,-1.780260147,1.709076423
106.0,103.380942514,108.588481338,-2.619057486,2.588481338,-1.784572024,1.713350785
106.5,103.872696616,109.092028558,-2.627303384,2.592028558,-1.788508253,1.717895137
107.0,104.366766742,109.604662005,-2.633233258,2.604662005,-1.792771084,1.721685972
107.5,104.856617876,110.112554113,-2.643382124,2.612554113,-1.796882046,1.725650095
108.0,105.348636652,110.621761836,-2.651363348,2.621761836,-1.801551453,1.729870130
108.5,105.835824261,111.132543179,-2.664175739,2.632543179,-1.805896069,1.734307359
109.0,106.330682116,111.638237385,-2.669317884,2.638237385,-1.809760889,1.738576239
109.5,106.820686209,112.145021645,-2.679313791,2.645021645,-1.814205015,1.742325711
110.0,107.312165549,112.652615746,-2.687834451,2.652615746,-1.818798992,1.746268657
110.5,107.804973822,113.161628601,-2.695026178,2.661628601,-1.823257468,1.750360750
111.0,108.291783315,113.671860783,-2.708216685,2.671860783,-1.827336567,1.754604153
111.5,108.786273115,114.182809370,-2.713726885,2.682809370,-1.831542142,1.758658009
112.0,109.274741186,114.694509712,-2.725258814,2.694509712,-1.835825359,1.762852593
112.5,109.771512698,115.198704190,-2.728487302,2.698704190,-1.839902787,1.767568192
113.0,110.261363636,115.711011399,-2.738636364,2.711011399,-1.844307906,1.772047306
113.5,110.751234146,116.215558292,-2.748765854,2.715558292,-1.848782404,1.775816838
114.0,111.241479249,116.728529657,-2.758520751,2.728529657,-1.853269537,1.779731587
114.5,111.732128830,117.233053720,-2.767871170,2.733053720,-1.858081259,1.783702791
115.0,112.222488038,117.745816080,-2.777511962,2.745816080,-1.862687675,1.787844612
115.5,112.712472630,118.258534664,-2.787527370,2.758534664,-1.866451559,1.792365701
116.0,113.202483089,118.761327292,-2.797516911,2.761327292,-1.870763073,1.796713251
116.5,113.700595039,119.272296015,-2.799404961,2.772296015,-1.874783587,1.801426821
117.0,114.189703628,119.782594733,-2.810296372,2.782594733,-1.879580002,1.804859630
117.5,114.678021122,120.000000000,-2.821978878,2.500000000,-1.883835225,1.809343092
118.0,115.174018100,120.000000000,-2.825981900,2.000000000,-1.888883848,1.812872741
118.5,115.659949960,120.000000000,-2.840050040,1.500000000,-1.893397969,1.500000000
119.0,116.153765880,120.000000000,-2.846234120,1.000000000,-1.897031279,1.000000000
119.5,116.646306556,120.000000000,-2.853693444,0.500000000,-1.901744851,0.500000000
120.0,117.137619404,120.000000000,-2.862380596,0.000000000,-1.905524381,0.000000000
